date_time,latitude,longitude,fix_quality,number_satellites,horiz_dilution_of_position,altitude,altitude_units,geoid_height,geoid_height_units,device_id,speed,measureland_qualifier_flag_overall
2017-01-01T00:00:00+00:00,-46.3770723978333,51.8116690953333,5,8,0.129,6.523,M,43.1,M,63,,2
2017-01-01T01:00:00+00:00,-46.3777516666667,51.808840000000004,1,13,0.8,39.9,M,,,64,0.3602427297129546,1
2017-01-01T02:00:00+00:00,-46.3785666666667,51.8097333333333,1,12,0.9,37.2,M,,,64,0.24852801298212765,1
2017-01-01T03:00:00+00:00,-46.3778,51.8118733333333,1,13,0.9,44.7,M,,,64,0.36024274967844794,1
2017-01-01T04:00:00+00:00,-46.3783283333333,51.812026666666696,1,16,0.7,43.6,M,,,64,0.6138743086326984,1
2017-01-01T05:00:00+00:00,-46.377873333333305,51.81204,1,14,0.9,45.5,M,,,64,0.2485311687065439,1
2017-01-01T06:00:00+00:00,-46.3778083333333,51.8118716666667,1,15,0.7,41.6,M,,,64,0.4376559365954153,1
2017-01-01T07:00:00+00:00,-46.37761500000001,51.811801666666696,1,14,0.7,44.4,M,,,64,0.24853233073377545,1
2017-01-01T08:00:00+00:00,-46.378105,51.8120483333333,1,12,1.1,40.1,M,,,64,0.4376551698140557,1
2017-01-01T09:00:00+00:00,-46.37901,51.811995,1,13,0.8,44.4,M,,,64,0.36024274967844794,1
2017-01-01T10:00:00+00:00,-46.3788033333333,51.8119316666667,1,14,0.8,40.6,M,,,64,0.7621449923390402,1
2017-01-01T11:00:00+00:00,-46.37923882800001,51.8119724908333,5,9,0.128,8.5,M,43.1,M,63,0.4537706681075922,1
2017-01-01T12:00:00+00:00,-46.3739466666667,51.903355,1,13,0.8,46.9,M,,,64,13.305490320091552,1
2017-01-01T13:00:00+00:00,-46.58031,51.8578066666667,1,14,0.9,42.8,M,,,64,12.024060053664206,1
2017-01-01T14:00:00+00:00,-46.6845183333333,51.8027816666667,1,15,0.8,41.7,M,,,64,3.1356728672614205,1
2017-01-01T15:00:00+00:00,-46.718035,51.863904999999995,1,16,0.8,41.0,M,,,64,13.689014499469755,1
2017-01-01T16:00:00+00:00,-46.794025,52.1913433333333,1,12,1.0,36.9,M,,,64,14.285810682990332,1
2017-01-01T17:00:00+00:00,-46.8686916666667,52.5211883333333,1,13,0.8,38.8,M,,,64,14.10000937136257,1
2017-01-01T18:00:00+00:00,-46.941805,52.85026,1,12,0.9,38.2,M,,,64,14.478220360074644,1
2017-01-01T19:00:00+00:00,-47.01372,53.17997,1,15,0.7,35.0,M,,,64,13.960773333699734,1
2017-01-01T20:00:00+00:00,-47.0859666666667,53.5079783333333,1,14,0.7,35.3,M,,,64,13.852460346755011,1
2017-01-01T21:00:00+00:00,-47.1577616666667,53.830438333333305,1,13,0.9,36.0,M,,,64,14.032311077042506,1
2017-01-01T22:00:00+00:00,-47.2327383333333,54.1562366666667,1,15,0.7,33.1,M,,,64,14.245492841519065,1
2017-01-01T23:00:00+00:00,-47.3042216666667,54.4839233333333,1,13,0.8,35.3,M,,,64,14.481478734509896,1
2017-01-02T00:00:00+00:00,-47.3755226135,54.810940043,5,7,0.128,1.93,M,40.7,M,63,13.39544329251034,1
2017-01-02T01:00:00+00:00,-47.448028333333305,55.1296116666667,1,13,0.8,33.6,M,,,64,13.943023066692454,1
2017-01-02T02:00:00+00:00,-47.520005,55.447175,1,14,0.8,37.4,M,,,64,14.176480539392989,1
2017-01-02T03:00:00+00:00,-47.589826666666696,55.7666966666667,1,15,0.8,37.2,M,,,64,13.137471975110845,1
2017-01-02T04:00:00+00:00,-47.6580666666667,56.08755,1,16,0.7,36.7,M,,,64,13.330279735077994,1
2017-01-02T05:00:00+00:00,-47.72772,56.409021666666696,1,13,0.9,38.0,M,,,64,14.039895159670406,1
2017-01-02T06:00:00+00:00,-47.800843333333304,56.7411866666667,1,14,0.8,38.0,M,,,64,14.876317800824525,1
2017-01-02T07:00:00+00:00,-47.8741583333333,57.0766116666667,1,14,0.8,37.0,M,,,64,14.205406460448373,1
2017-01-02T08:00:00+00:00,-47.94761,57.40945,1,11,1.3,35.6,M,,,64,14.081537792686946,1
2017-01-02T09:00:00+00:00,-48.020836666666696,57.74565,1,14,0.8,37.5,M,,,64,15.286804601683812,1
2017-01-02T10:00:00+00:00,-48.0952283333333,58.0935716666667,1,15,0.7,38.0,M,,,64,14.412519752402284,1
2017-01-02T11:00:00+00:00,-48.16957,58.4314666666667,1,15,0.8,37.5,M,,,64,14.392972789767914,1
2017-01-02T12:00:00+00:00,-48.23192,58.718545,1,16,0.7,37.3,M,,,64,14.701972789297919,1
2017-01-02T13:00:00+00:00,-48.3066083333333,59.054223333333304,1,16,0.8,34.0,M,,,64,13.883588152140955,1
2017-01-02T14:00:00+00:00,-48.3804166666667,59.397245,1,15,0.7,36.5,M,,,64,14.885515050106216,1
2017-01-02T15:00:00+00:00,-48.452826666666695,59.7387183333333,1,15,0.8,34.7,M,,,64,13.767081888181892,1
2017-01-02T16:00:00+00:00,-48.5264666666667,60.075665,1,13,0.9,34.2,M,,,64,14.504118926711955,1
2017-01-02T17:00:00+00:00,-48.5941,60.4163916666667,1,12,0.9,34.3,M,,,64,15.115323615602485,1
2017-01-02T18:00:00+00:00,-48.6508133333333,60.7626766666667,1,14,0.8,33.5,M,,,64,15.0357166459885,1
2017-01-02T19:00:00+00:00,-48.703443333333304,61.1050016666667,1,15,0.7,32.1,M,,,64,13.334056325364141,1
2017-01-02T20:00:00+00:00,-48.758445,61.4431583333333,1,16,0.7,33.2,M,,,64,14.059934924875664,1
2017-01-02T21:00:00+00:00,-48.81178,61.7795616666667,1,13,1.1,32.9,M,,,64,14.341930860129422,1
2017-01-02T22:00:00+00:00,-48.849835,62.117116666666696,1,15,0.8,31.8,M,,,64,14.701654102563387,1
2017-01-02T23:00:00+00:00,-48.8813583333333,62.447043333333305,1,13,0.8,33.8,M,,,64,13.740372414312999,1
2017-01-03T00:00:00+00:00,-48.9097918826667,62.7359687805,5,7,0.128,-1.39,M,37.88,M,63,10.613424782580472,1
2017-01-03T01:00:00+00:00,-48.9306683333333,62.97696,1,15,0.7,33.7,M,,,64,10.0257557984153,1
2017-01-03T02:00:00+00:00,-48.953185,63.2559866666667,1,15,0.7,35.2,M,,,64,13.253060115023036,1
2017-01-03T03:00:00+00:00,-49.025765,63.3608933333333,1,15,0.8,32.2,M,,,64,7.7540923745916785,1
2017-01-03T04:00:00+00:00,-49.135763231833295,63.2466638565,5,7,0.128,-2.55,M,38.03,M,63,7.211258480555421,1
2017-01-03T05:00:00+00:00,-49.2426866666667,63.1413383333333,1,13,1.0,34.1,M,,,64,11.457128300614276,1
2017-01-03T06:00:00+00:00,-49.346775,63.03200500000001,1,15,0.7,33.3,M,,,64,5.134837325817692,1
2017-01-03T07:00:00+00:00,-49.42975,62.9319933333333,1,14,0.7,33.6,M,,,64,1.6791604368395592,1
2017-01-03T08:00:00+00:00,-49.4902466666667,63.1774466666667,1,10,1.2,34.3,M,,,64,12.449293978198776,1
2017-01-03T09:00:00+00:00,-49.5399483333333,63.5152566666667,1,15,0.7,32.9,M,,,64,13.402459480798026,1
2017-01-03T10:00:00+00:00,-49.586325,63.85729,1,16,0.7,35.9,M,,,64,13.622095430564006,1
2017-01-03T11:00:00+00:00,-49.6208033333333,64.20194000000001,1,14,0.8,34.5,M,,,64,13.323375377134974,1
2017-01-03T12:00:00+00:00,-49.65443,64.5406783333333,1,15,0.7,34.9,M,,,64,13.850196502786668,1
2017-01-03T13:00:00+00:00,-49.7170283333333,64.85401,1,15,0.9,33.1,M,,,64,12.860166241946294,1
2017-01-03T14:00:00+00:00,-49.7437316666667,64.8392816666667,1,15,0.7,36.5,M,,,64,7.663999852718702,1
2017-01-03T15:00:00+00:00,-49.7413466666667,64.86918666666669,1,15,0.8,33.3,M,,,64,2.3557372853325744,1
2017-01-03T16:00:00+00:00,-49.741225,64.87426500000001,1,14,0.9,36.5,M,,,64,1.7660928536032845,1
2017-01-03T17:00:00+00:00,-49.733941666666695,64.8879583333333,1,13,0.9,35.6,M,,,64,2.88194195596079,1
2017-01-03T18:00:00+00:00,-49.767635,64.8727933333333,1,13,0.8,36.6,M,,,64,1.2865535946241755,1
2017-01-03T19:00:00+00:00,-49.816726666666696,64.97005,1,15,0.7,35.2,M,,,64,14.451815527599356,1
2017-01-03T20:00:00+00:00,-49.8858116666667,65.30139,1,14,0.8,33.9,M,,,64,13.810919522045872,1
2017-01-03T21:00:00+00:00,-49.9501616666667,65.64424,1,15,0.9,34.1,M,,,64,12.995974177189055,1
2017-01-03T22:00:00+00:00,-50.0107683333333,65.9743583333333,1,15,0.8,34.1,M,,,64,13.455631584484394,1
2017-01-03T23:00:00+00:00,-50.0768883333333,66.2995566666667,1,13,0.8,32.4,M,,,64,12.82400658576117,1
2017-01-04T00:00:00+00:00,-50.1429121175,66.634090042,5,7,0.128,-0.611,M,38.72,M,63,14.239205160643596,1
2017-01-04T01:00:00+00:00,-50.19422,66.9770266666667,1,17,0.7,32.8,M,,,64,13.18589510489499,1
2017-01-04T02:00:00+00:00,-50.250254999999996,67.3092383333333,1,14,0.8,32.8,M,,,64,12.518068657595466,1
2017-01-04T03:00:00+00:00,-50.322215,67.6349116666667,1,15,0.7,32.1,M,,,64,13.374516588468392,1
2017-01-04T04:00:00+00:00,-50.393886666666695,67.9610466666667,1,15,0.7,30.4,M,,,64,12.439483600249096,1
2017-01-04T05:00:00+00:00,-50.467433333333304,68.2862433333333,1,12,1.0,35.9,M,,,64,13.931486738529408,1
2017-01-04T06:00:00+00:00,-50.541125,68.6152433333333,1,13,0.9,31.6,M,,,64,13.912653675917769,1
2017-01-04T07:00:00+00:00,-50.623818333333304,68.93056999999999,1,14,0.8,32.0,M,,,64,14.090560923728633,1
2017-01-04T08:00:00+00:00,-50.6939633333333,69.2613966666667,1,10,1.2,34.2,M,,,64,13.052233197639492,1
2017-01-04T09:00:00+00:00,-50.7617933333333,69.59161999999999,1,16,0.7,31.6,M,,,64,14.110973834108195,1
2017-01-04T10:00:00+00:00,-50.7148983333333,69.9028033333333,1,16,0.7,30.2,M,,,64,13.484697442365219,1
2017-01-04T11:00:00+00:00,-50.60885,70.2114383333333,1,14,0.8,30.4,M,,,64,13.417635489657755,1
2017-01-04T12:00:00+00:00,-50.5043883333333,70.5104533333333,1,16,0.7,30.1,M,,,64,13.728510390215009,1
2017-01-04T13:00:00+00:00,-50.397683333333305,70.8076933333333,1,14,0.9,32.4,M,,,64,13.674584829534009,1
2017-01-04T14:00:00+00:00,-50.276656666666696,70.66324499999997,1,15,0.8,33.1,M,,,64,9.515738821336312,1
2017-01-04T15:00:00+00:00,-50.17287,70.48564499999998,1,15,0.8,33.1,M,,,64,6.963361935680741,1
2017-01-04T16:00:00+00:00,-50.0638383333333,70.2981783333333,1,13,1.0,32.3,M,,,64,7.785492420908543,1
2017-01-04T17:00:00+00:00,-50.0312266666667,70.54556,1,13,0.9,33.6,M,,,64,11.807362500895824,1
2017-01-04T18:00:00+00:00,-50.0027816666667,70.670475,1,14,0.7,31.6,M,,,64,2.025386171240002,1
2017-01-04T19:00:00+00:00,-49.9989516666667,70.64633,1,15,0.7,30.3,M,,,64,0.5867397264553167,1
2017-01-04T20:00:00+00:00,-49.991440000000004,70.6257833333333,1,13,0.8,28.2,M,,,64,1.2127440168328527,1
2017-01-04T21:00:00+00:00,-49.9721166666667,70.61921833333331,1,15,0.9,30.9,M,,,64,3.4265493980610264,1
2017-01-04T22:00:00+00:00,-49.8552783333333,70.77968666666669,1,14,0.8,30.6,M,,,64,11.286919028312926,1
2017-01-04T23:00:00+00:00,-49.716275,70.8363016666667,1,12,0.9,32.9,M,,,64,10.119486538407617,1
2017-01-05T00:00:00+00:00,-49.5893898645,70.574369049,5,10,0.128,2.592,M,38.8,M,63,12.549320190042234,1
2017-01-05T01:00:00+00:00,-49.4784059523333,70.3023725508333,5,9,0.128,1.722,M,38.84,M,63,9.460072938084824,1
2017-01-05T02:00:00+00:00,-49.39801352816672,70.121041727,5,7,0.129,1.314,M,38.84,M,63,2.867427711622703,1
2017-01-05T03:00:00+00:00,-49.363478333333305,70.0997416666667,1,14,0.9,31.4,M,,,64,5.5507826538245855,1
2017-01-05T04:00:00+00:00,-49.3623,70.09876,1,15,0.7,35.1,M,,,64,0.4299067264142559,1
2017-01-05T05:00:00+00:00,-49.3619916666667,70.09903,1,12,1.0,34.2,M,,,64,0.4299075125249525,1
2017-01-05T06:00:00+00:00,-49.36246,70.09889,1,12,0.9,35.3,M,,,64,0.42990631523627937,1
2017-01-05T07:00:00+00:00,-49.362133333333304,70.0993283333333,1,13,0.8,32.4,M,,,64,0.5915709083540546,1
2017-01-05T08:00:00+00:00,-49.3619966666667,70.09947,1,12,0.9,35.8,M,,,64,0.36024274967844794,1
2017-01-05T09:00:00+00:00,-49.36215,70.0994566666667,1,16,0.7,33.0,M,,,64,0.7577233113199086,1
2017-01-05T10:00:00+00:00,-49.36184,70.1,1,16,0.7,37.4,M,,,64,0.2346188129054519,1
2017-01-05T11:00:00+00:00,-49.3622766666667,70.09995,1,15,0.7,32.6,M,,,64,0.7204855008927032,1
2017-01-05T12:00:00+00:00,-49.3620266666667,70.1008416666667,1,15,0.7,33.6,M,,,64,0.4299074201047345,1
2017-01-05T13:00:00+00:00,-49.36145,70.1008133333333,1,17,0.7,34.9,M,,,64,0.4299089331002429,1
2017-01-05T14:00:00+00:00,-49.36163,70.1007883333333,1,14,0.8,34.9,M,,,64,0.7204854778555954,1
2017-01-05T15:00:00+00:00,-49.3617583333333,70.1008883333333,1,15,0.8,36.6,M,,,64,0.4299081302597552,1
2017-01-05T16:00:00+00:00,-49.36234,70.1007916666667,1,12,1.0,29.8,M,,,64,0.23461641332679306,1
2017-01-05T17:00:00+00:00,-49.3616916666667,70.1007966666667,1,14,0.8,32.5,M,,,64,0.4299083081865809,1
2017-01-05T18:00:00+00:00,-49.36186,70.1008266666667,1,14,0.7,32.0,M,,,64,0.7204854793914026,1
2017-01-05T19:00:00+00:00,-49.362255,70.10075,1,15,0.7,30.2,M,,,64,0.23461683087863444,1
2017-01-05T20:00:00+00:00,-49.361941666666695,70.1007633333333,1,14,0.8,33.6,M,,,64,0.7204854993568959,1
2017-01-05T21:00:00+00:00,-49.361352570833304,70.1010843673333,5,7,0.128,4058.0,M,38.8,M,63,0.5088449696211893,1
2017-01-05T22:00:00+00:00,-49.36192,70.1008166666667,1,14,0.8,33.4,M,,,64,0.4299077093108896,1
2017-01-05T23:00:00+00:00,-49.361979999999996,70.10077,1,13,0.8,32.7,M,,,64,0.3602427481426408,1
2017-01-06T00:00:00+00:00,-49.3620308556667,70.1010967651667,5,9,0.128,4058.0,M,38.8,M,63,0.37308410176105306,1
2017-01-06T01:00:00+00:00,-49.361863333333304,70.1007533333333,1,17,0.7,35.6,M,,,64,0.4299078444695084,1
2017-01-06T02:00:00+00:00,-49.3610562641667,70.10098601166669,5,7,0.128,4058.0,M,38.8,M,63,0.32128512544345633,1
2017-01-06T03:00:00+00:00,-49.36162,70.10079,1,14,0.9,30.9,M,,,64,0.7577240922485292,1
2017-01-06T04:00:00+00:00,-49.3615333333333,70.1007766666667,1,15,0.7,33.6,M,,,64,1.1059024249204918,1
2017-01-06T05:00:00+00:00,-49.36184,70.1023183333333,1,13,0.9,37.1,M,,,64,0.36024274967844794,1
2017-01-06T06:00:00+00:00,-49.3611083333333,70.1012716666667,1,12,0.9,34.0,M,,,64,0.2346222877612283,1
2017-01-06T07:00:00+00:00,-49.457209999999996,70.2522083333333,1,15,0.7,34.6,M,,,64,14.335199941012535,1
2017-01-06T08:00:00+00:00,-49.594120000000004,70.51912166666669,1,12,0.9,31.5,M,,,64,9.054374225741752,1
2017-01-06T09:00:00+00:00,-49.7412716666667,70.5153883333333,1,17,0.6,32.3,M,,,64,5.938688823319559,1
2017-01-06T10:00:00+00:00,-49.8115366666667,70.39603000000002,1,16,0.7,34.0,M,,,64,4.129620684217368,1
2017-01-06T11:00:00+00:00,-49.8807933333333,70.2758666666667,1,15,0.7,37.5,M,,,64,7.8239847019068565,1
2017-01-06T12:00:00+00:00,-49.954755,70.1413033333333,1,16,0.7,36.0,M,,,64,4.973196506717124,1
2017-01-06T13:00:00+00:00,-50.034535,69.9943483333333,1,17,0.7,32.8,M,,,64,7.8505302151085425,1
2017-01-06T14:00:00+00:00,-50.10548,69.8239383333333,1,14,0.8,32.6,M,,,64,7.3905456362699296,1
2017-01-06T15:00:00+00:00,-50.16069,69.62888000000001,1,15,0.8,33.6,M,,,64,9.012253569438595,1
2017-01-06T16:00:00+00:00,-50.214581666666696,69.4647933333333,1,13,0.9,32.6,M,,,64,12.625270686045384,1
2017-01-06T17:00:00+00:00,-50.273096666666696,69.79255,1,15,0.8,29.6,M,,,64,13.13781185875542,1
2017-01-06T18:00:00+00:00,-50.3153683333333,70.132255,1,14,0.7,33.0,M,,,64,14.739994069250034,1
2017-01-06T19:00:00+00:00,-50.3617133333333,70.48038000000003,1,15,0.7,30.3,M,,,64,14.251385427678322,1
2017-01-06T20:00:00+00:00,-50.4066783333333,70.83339000000002,1,13,0.8,31.3,M,,,64,13.394247968683008,1
2017-01-06T21:00:00+00:00,-50.44977,71.17883499999998,1,15,0.8,33.1,M,,,64,14.720440895838905,1
2017-01-06T22:00:00+00:00,-50.491434999999996,71.5318933333333,1,14,0.8,31.4,M,,,64,13.662047606301645,1
2017-01-06T23:00:00+00:00,-50.532406666666695,71.8814166666667,1,13,0.8,29.7,M,,,64,13.968621406101086,1
2017-01-07T00:00:00+00:00,-50.574864069499995,72.2349283218333,5,7,0.128,1.551,M,37.53,M,63,14.941253193678445,1
2017-01-07T01:00:00+00:00,-50.6449966666667,72.44581,1,17,0.7,33.8,M,,,64,12.218162975517625,1
2017-01-07T02:00:00+00:00,-50.8021333333333,72.26349,1,14,0.8,35.9,M,,,64,14.317266640276005,1
2017-01-07T03:00:00+00:00,-50.9644483333333,72.0777333333333,1,14,0.9,33.9,M,,,64,11.476420611845011,1
2017-01-07T04:00:00+00:00,-50.99388,72.04073000000002,1,15,0.7,35.1,M,,,64,0.7553207619242585,1
2017-01-07T05:00:00+00:00,-50.98891500000001,72.0346733333333,1,14,0.8,35.9,M,,,64,0.9759676564527796,1
2017-01-07T06:00:00+00:00,-50.98379,72.031065,1,12,0.9,35.5,M,,,64,0.7553355569648557,1
2017-01-07T07:00:00+00:00,-50.9778833333333,71.9911216666667,1,11,0.9,34.7,M,,,64,1.2770997088292295,1
2017-01-07T08:00:00+00:00,-50.97646500000001,72.0135166666667,1,12,0.9,34.1,M,,,64,2.8812654236900785,1
2017-01-07T09:00:00+00:00,-50.989806666666695,71.983115,1,15,0.7,33.2,M,,,64,13.017319815694632,1
2017-01-07T10:00:00+00:00,-51.1275816666667,71.8579083333333,1,15,0.7,36.0,M,,,64,1.9790156959080305,1
2017-01-07T11:00:00+00:00,-51.135626666666695,71.8367333333333,1,14,0.8,35.2,M,,,64,0.8505788069149016,1
2017-01-07T12:00:00+00:00,-51.1415216666667,71.7914266666667,1,16,0.7,34.9,M,,,64,1.8312501867815685,1
2017-01-07T13:00:00+00:00,-51.1487933333333,71.7472466666667,1,17,0.7,34.1,M,,,64,2.511751019708099,1
2017-01-07T14:00:00+00:00,-51.1497566666667,71.7842283333333,1,13,0.9,35.3,M,,,64,6.3682044598579335,1
2017-01-07T15:00:00+00:00,-51.132405,71.92251999999998,1,15,0.8,34.7,M,,,64,2.588939364094409,1
2017-01-07T16:00:00+00:00,-51.1388016666667,71.8801083333333,1,14,0.8,34.5,M,,,64,0.9893948992299916,1
2017-01-07T17:00:00+00:00,-51.1446216666667,71.83665,1,12,0.9,36.1,M,,,64,2.5515960144476977,1
2017-01-07T18:00:00+00:00,-51.2554933333333,71.902395,1,15,0.7,33.6,M,,,64,11.977251459918856,1
2017-01-07T19:00:00+00:00,-51.45247,72.07299,1,15,0.7,33.3,M,,,64,13.702939970087838,1
2017-01-07T20:00:00+00:00,-51.6470883333333,72.2580933333333,1,14,0.8,32.8,M,,,64,13.364117131485429,1
2017-01-07T21:00:00+00:00,-51.835505,72.4780733333333,1,15,0.7,32.0,M,,,64,13.726730152844741,1
2017-01-07T22:00:00+00:00,-52.014855,72.6986766666667,1,13,0.8,35.2,M,,,64,14.41080084846736,1
2017-01-07T23:00:00+00:00,-52.1939216666667,72.9244633333333,1,13,0.8,33.5,M,,,64,14.571382103788569,1
2017-01-08T00:00:00+00:00,-52.370598729333295,73.1701374848333,5,6,0.128,3.92,M,35.38,M,63,13.898449362253885,1
2017-01-08T01:00:00+00:00,-52.547444999999996,73.4186816666667,1,16,0.7,38.8,M,,,64,13.918936211190946,1
2017-01-08T02:00:00+00:00,-52.7397233333333,73.31438666666669,1,14,0.8,38.7,M,,,64,8.071054692827392,1
2017-01-08T03:00:00+00:00,-52.8317433333333,73.3697466666667,1,14,0.9,38.9,M,,,64,7.182233377422576,1
2017-01-08T04:00:00+00:00,-52.8333666666667,73.6134366666667,1,14,0.8,37.8,M,,,64,9.169033378819664,1
2017-01-08T05:00:00+00:00,-52.8333466666667,73.89886666666669,1,13,0.9,40.3,M,,,64,11.534676341586133,1
2017-01-08T06:00:00+00:00,-52.711690000000004,74.1341633333333,1,11,1.1,42.5,M,,,64,11.205977163073156,1
2017-01-08T07:00:00+00:00,-52.5642966666667,74.3296366666667,1,12,0.8,37.2,M,,,64,11.497857395829456,1
2017-01-08T08:00:00+00:00,-52.4240933333333,74.5338366666667,1,13,0.8,38.7,M,,,64,11.71727315667341,1
2017-01-08T09:00:00+00:00,-52.33674,74.6456733333333,1,14,0.8,40.0,M,,,64,2.8840866171573207,1
2017-01-08T10:00:00+00:00,-52.351695,74.60202833333331,1,16,0.7,37.7,M,,,64,2.2297030337041326,1
2017-01-08T11:00:00+00:00,-52.3529166666667,74.828585,1,16,0.7,38.4,M,,,64,2.333782148276511,1
2017-01-08T12:00:00+00:00,-52.355465,74.801855,1,17,0.7,36.9,M,,,64,0.8800886045512719,1
2017-01-08T13:00:00+00:00,-52.3484566666667,74.7821883333333,1,16,0.7,38.4,M,,,64,1.3151907719278757,1
2017-01-08T14:00:00+00:00,-52.3290016666667,74.7660266666667,1,14,0.8,42.0,M,,,64,2.5191873336210224,1
2017-01-08T15:00:00+00:00,-52.372698333333304,75.0725033333333,1,17,0.7,37.6,M,,,64,13.937273647342447,1
2017-01-08T16:00:00+00:00,-52.4306266666667,75.43940500000002,1,14,0.8,37.7,M,,,64,13.998791185350216,1
2017-01-08T17:00:00+00:00,-52.4759466666667,75.8146266666667,1,13,0.9,39.1,M,,,64,14.41241241110383,1
2017-01-08T18:00:00+00:00,-52.5208083333333,76.1859866666667,1,15,0.7,37.6,M,,,64,13.463941161314178,1
2017-01-08T19:00:00+00:00,-52.5677216666667,76.5641116666667,1,16,0.7,35.0,M,,,64,13.411740928636966,1
2017-01-08T20:00:00+00:00,-52.612719999999996,76.94630500000002,1,12,0.9,36.0,M,,,64,14.439941403080365,1
2017-01-08T21:00:00+00:00,-52.66091,77.3306583333333,1,15,0.7,35.0,M,,,64,14.438880608412427,1
2017-01-08T22:00:00+00:00,-52.706825,77.7038766666667,1,14,0.8,36.1,M,,,64,14.849340245172716,1
2017-01-08T23:00:00+00:00,-52.7504283333333,78.08571500000002,1,14,0.8,37.8,M,,,64,14.249714684521045,1
2017-01-09T00:00:00+00:00,-52.797147750833304,78.46984065366671,5,8,0.128,2.926,M,28.4,M,63,14.622310832077904,1
2017-01-09T01:00:00+00:00,-52.8413566666667,78.85849499999998,1,16,0.7,36.1,M,,,64,14.401895035013823,1
2017-01-09T02:00:00+00:00,-52.8933166666667,79.2464,1,12,1.2,38.6,M,,,64,14.204852644861045,1
2017-01-09T03:00:00+00:00,-52.941065,79.64275500000002,1,16,0.7,37.1,M,,,64,13.977342603310476,1
2017-01-09T04:00:00+00:00,-52.986896666666695,80.0343316666667,1,13,1.0,34.1,M,,,64,14.601252629101307,1
2017-01-09T05:00:00+00:00,-53.0334233333333,80.4255283333333,1,13,0.8,35.1,M,,,64,15.016878766862526,1
2017-01-09T06:00:00+00:00,-53.0776333333333,80.8130516666667,1,12,0.9,33.8,M,,,64,14.22462789228475,1
2017-01-09T07:00:00+00:00,-53.1248316666667,81.1955916666667,1,13,0.8,31.6,M,,,64,14.857769652262075,1
2017-01-09T08:00:00+00:00,-53.1709566666667,81.564525,1,12,0.9,30.6,M,,,64,5.556488362121684,1
2017-01-09T09:00:00+00:00,-53.163663333333304,81.601775,1,14,0.8,29.8,M,,,64,1.138386677138089,1
2017-01-09T10:00:00+00:00,-53.155919999999995,81.640435,1,14,0.8,31.1,M,,,64,2.403325823274992,1
2017-01-09T11:00:00+00:00,-53.1462583333333,81.6779,1,15,0.7,30.8,M,,,64,2.779413229895048,1
2017-01-09T12:00:00+00:00,-53.1392216666667,81.7053066666667,1,16,0.7,33.3,M,,,64,0.7204854993568959,1
2017-01-09T13:00:00+00:00,-53.13155,81.724785,1,16,0.7,30.5,M,,,64,1.1254119036360637,1
2017-01-09T14:00:00+00:00,-53.1226633333333,81.7502,1,14,0.9,30.7,M,,,64,1.483766628509914,1
2017-01-09T15:00:00+00:00,-53.1134933333333,81.7680433333333,1,17,0.7,31.1,M,,,64,1.801464305686724,1
2017-01-09T16:00:00+00:00,-53.107195,81.7238733333333,1,14,0.8,31.5,M,,,64,2.4059912924206306,1
2017-01-09T17:00:00+00:00,-53.150544999999994,82.027865,1,13,0.9,31.1,M,,,64,13.84232947585114,1
2017-01-09T18:00:00+00:00,-53.206778333333304,82.4076233333333,1,13,0.8,29.9,M,,,64,13.645460392245402,1
2017-01-09T19:00:00+00:00,-53.2637583333333,82.7664466666667,1,14,0.8,31.2,M,,,64,13.666633345982294,1
2017-01-09T20:00:00+00:00,-53.326796666666695,83.13327833333331,1,13,0.8,29.3,M,,,64,13.727965690346787,1
2017-01-09T21:00:00+00:00,-53.389784999999996,83.5040933333333,1,15,0.7,27.7,M,,,64,13.798461139277501,1
2017-01-09T22:00:00+00:00,-53.4580416666667,83.86025500000002,1,12,0.9,31.4,M,,,64,13.632552560033501,1
2017-01-09T23:00:00+00:00,-53.493285,84.2221183333333,1,15,0.7,31.0,M,,,64,12.772205375155822,1
2017-01-10T00:00:00+00:00,-53.535417811,84.5947252908333,5,9,0.128,-4.184,M,20.88,M,63,13.98060392851882,1
2017-01-10T01:00:00+00:00,-53.58174,84.9817666666667,1,17,0.7,31.1,M,,,64,13.778407944572908,1
2017-01-10T02:00:00+00:00,-53.6200533333333,85.3698833333333,1,12,1.2,35.0,M,,,64,13.975473355731955,1
2017-01-10T03:00:00+00:00,-53.67563000000001,85.7614283333333,1,16,0.7,33.8,M,,,64,14.244363837494294,1
2017-01-10T04:00:00+00:00,-53.7252516666667,86.172935,1,13,0.8,31.6,M,,,64,15.451460736208565,1
2017-01-10T05:00:00+00:00,-53.767465,86.5956733333333,1,14,0.8,39.2,M,,,64,14.713883494184447,1
2017-01-10T06:00:00+00:00,-53.822044999999996,87.0091383333333,1,13,0.9,36.0,M,,,64,15.315179508882688,1
2017-01-10T07:00:00+00:00,-53.8715683333333,87.4220233333333,1,14,0.8,33.0,M,,,64,15.444660873665885,1
2017-01-10T08:00:00+00:00,-53.919165,87.8252316666667,1,15,0.8,34.5,M,,,64,13.842813402070055,1
2017-01-10T09:00:00+00:00,-53.962885,88.2161683333333,1,16,0.7,33.7,M,,,64,13.245313868091307,1
2017-01-10T10:00:00+00:00,-54.0105916666667,88.6061233333333,1,13,0.9,33.7,M,,,64,13.81453922194694,1
2017-01-10T11:00:00+00:00,-54.0618266666667,89.0029866666667,1,16,0.7,34.9,M,,,64,13.798682033965996,1
2017-01-10T12:00:00+00:00,-54.1076866666667,89.40844,1,16,0.7,34.2,M,,,64,15.665918353681276,1
2017-01-10T13:00:00+00:00,-54.1537766666667,89.81931999999998,1,15,0.8,32.1,M,,,64,15.405452444913086,1
2017-01-10T14:00:00+00:00,-54.2001933333333,90.2256083333333,1,14,0.8,31.7,M,,,64,14.4097631093136,1
2017-01-10T15:00:00+00:00,-54.2518416666667,90.6193233333333,1,17,0.6,31.8,M,,,64,13.739794579071939,1
2017-01-10T16:00:00+00:00,-54.3018433333333,91.00719000000001,1,15,0.8,32.8,M,,,64,13.430067235401086,1
2017-01-10T17:00:00+00:00,-54.339434999999995,91.3968416666667,1,13,0.8,32.3,M,,,64,14.295186794336285,1
2017-01-10T18:00:00+00:00,-54.3808666666667,91.796035,1,15,0.7,31.9,M,,,64,13.938414888245369,1
2017-01-10T19:00:00+00:00,-54.4274733333333,92.20599,1,13,0.9,33.7,M,,,64,14.69871519186063,1
2017-01-10T20:00:00+00:00,-54.4795366666667,92.6038783333333,1,14,0.8,33.0,M,,,64,14.521172832512589,1
2017-01-10T21:00:00+00:00,-54.524275,93.002525,1,15,0.7,31.8,M,,,64,14.64455875747402,1
2017-01-10T22:00:00+00:00,-54.573209999999996,93.4037816666667,1,13,0.8,32.2,M,,,64,14.421875790896273,1
2017-01-10T23:00:00+00:00,-54.6221533333333,93.8072266666667,1,15,0.7,33.8,M,,,64,14.610475729033155,1
2017-01-11T00:00:00+00:00,-54.667151323833295,94.2122677485,5,9,0.128,-2.734,M,6.637,M,63,14.36195506325866,1
2017-01-11T01:00:00+00:00,-54.7134670256667,94.60953801466671,5,8,0.128,-1.624,M,5.85,M,63,13.712969453118037,1
2017-01-11T02:00:00+00:00,-54.758487383500004,95.00050541899999,5,7,0.128,814.5,M,5.07,M,63,13.693355975275097,1
2017-01-11T03:00:00+00:00,-54.8112116666667,95.3795766666667,1,16,0.7,35.2,M,,,64,14.686600182775244,1
2017-01-11T04:00:00+00:00,-54.85185500000001,95.7449,1,14,0.8,36.0,M,,,64,1.9056397602490245,1
2017-01-11T05:00:00+00:00,-54.8427916666667,95.72865,1,13,0.8,37.2,M,,,64,2.189391292830064,1
2017-01-11T06:00:00+00:00,-54.831759999999996,95.7069483333333,1,18,0.6,36.2,M,,,64,0.7204854778555954,1
2017-01-11T07:00:00+00:00,-54.82574,95.686035,1,16,0.7,35.3,M,,,64,0.7192830514979919,1
2017-01-11T08:00:00+00:00,-54.8179933333333,95.659725,1,16,0.7,39.2,M,,,64,2.5260539016213563,1
2017-01-11T09:00:00+00:00,-54.80831,95.6559883333333,1,16,0.7,34.2,M,,,64,1.2473577519121934,1
2017-01-11T10:00:00+00:00,-54.8272883333333,95.70254,1,13,0.8,37.1,M,,,64,6.661091653070046,1
2017-01-11T11:00:00+00:00,-54.8504716666667,95.7738116666667,1,16,0.7,36.9,M,,,64,2.073961672288424,1
2017-01-11T12:00:00+00:00,-54.84398,95.7628683333333,1,16,0.7,37.8,M,,,64,1.4558242970898363,1
2017-01-11T13:00:00+00:00,-54.857916666666696,95.7260533333333,1,15,0.8,34.9,M,,,64,2.35779084345594,1
2017-01-11T14:00:00+00:00,-54.8828266666667,95.9140983333333,1,16,0.8,33.1,M,,,64,13.43768359517104,1
2017-01-11T15:00:00+00:00,-54.9074033333333,96.31940166666668,1,16,0.7,32.1,M,,,64,12.842209370000148,1
2017-01-11T16:00:00+00:00,-54.954408333333305,96.7120233333333,1,17,0.7,35.6,M,,,64,13.883788154121973,1
2017-01-11T17:00:00+00:00,-55.001091666666696,97.0930783333333,1,15,0.7,35.3,M,,,64,14.218210921823218,1
2017-01-11T18:00:00+00:00,-55.041615,97.4812516666667,1,16,0.6,35.6,M,,,64,14.40553407122426,1
2017-01-11T19:00:00+00:00,-55.08525,97.8674883333333,1,13,0.9,34.5,M,,,64,13.637359202678008,1
2017-01-11T20:00:00+00:00,-55.12922,98.248255,1,13,0.8,35.8,M,,,64,11.689104746926818,1
2017-01-11T21:00:00+00:00,-55.17498000000001,98.6181383333333,1,14,0.8,34.4,M,,,64,13.810006307994753,1
2017-01-11T22:00:00+00:00,-55.1576666666667,99.00178333333332,1,15,0.8,34.1,M,,,64,12.60367664906265,1
2017-01-11T23:00:00+00:00,-55.1160516666667,99.3950283333333,1,16,0.6,35.1,M,,,64,15.111415112771848,1
2017-01-12T00:00:00+00:00,-55.0752475976667,99.7948648451667,5,8,0.128,2220.0,M,-1.495,M,63,14.196003560700266,1
2017-01-12T01:00:00+00:00,-55.0330466666667,100.191376666667,1,15,0.7,36.7,M,,,64,13.496814475737706,1
2017-01-12T02:00:00+00:00,-54.9975066666667,100.583805,1,17,0.7,36.1,M,,,64,13.869382286819274,1
2017-01-12T03:00:00+00:00,-54.9485016666667,100.980786666667,1,17,0.7,33.9,M,,,64,13.885757505800102,1
2017-01-12T04:00:00+00:00,-54.9102933333333,101.38039333333299,1,13,0.8,34.9,M,,,64,15.15604139368618,1
2017-01-12T05:00:00+00:00,-54.8782133333333,101.776188333333,1,15,0.7,34.5,M,,,64,13.643775113040464,1
2017-01-12T06:00:00+00:00,-54.8389866666667,102.172205,1,15,0.8,38.7,M,,,64,14.180356746980047,1
2017-01-12T07:00:00+00:00,-54.7952266666667,102.580346666667,1,15,0.7,35.5,M,,,64,14.697408742463715,1
2017-01-12T08:00:00+00:00,-54.7547916666667,102.98618833333299,1,16,0.7,34.2,M,,,64,13.141442173737508,1
2017-01-12T09:00:00+00:00,-54.71520500000001,103.373228333333,1,17,0.6,33.8,M,,,64,13.758970307453515,1
2017-01-12T10:00:00+00:00,-54.6894116666667,103.75840333333299,1,14,0.8,35.4,M,,,64,14.117409235490047,1
2017-01-12T11:00:00+00:00,-54.64830500000001,104.138756666667,1,16,0.7,36.8,M,,,64,13.81764721321822,1
2017-01-12T12:00:00+00:00,-54.600428333333305,104.524455,1,16,0.7,33.8,M,,,64,14.618040075668786,1
2017-01-12T13:00:00+00:00,-54.555286666666696,104.92212833333299,1,15,0.8,34.1,M,,,64,14.086086180766573,1
2017-01-12T14:00:00+00:00,-54.5158716666667,105.325391666667,1,17,0.7,34.4,M,,,64,14.50877336299722,1
2017-01-12T15:00:00+00:00,-54.4809416666667,105.71396499999999,1,17,0.7,33.7,M,,,64,13.100492920343365,1
2017-01-12T16:00:00+00:00,-54.4394166666667,106.09626000000002,1,16,0.7,33.6,M,,,64,13.167856346186525,1
2017-01-12T17:00:00+00:00,-54.4007683333333,106.484426666667,1,16,0.7,34.7,M,,,64,14.1371734474318,1
2017-01-12T18:00:00+00:00,-54.360768333333304,106.875206666667,1,16,0.7,35.0,M,,,64,13.004989211679693,1
2017-01-12T19:00:00+00:00,-54.321055,107.26295,1,12,0.9,34.5,M,,,64,14.242269670059777,1
2017-01-12T20:00:00+00:00,-54.2802783333333,107.65801166666701,1,16,0.7,35.9,M,,,64,14.623239353166444,1
2017-01-12T21:00:00+00:00,-54.2372966666667,108.050796666667,1,14,0.8,34.3,M,,,64,13.087955299404152,1
2017-01-12T22:00:00+00:00,-54.20173000000001,108.437643333333,1,14,0.8,35.8,M,,,64,13.584449258442644,1
2017-01-12T23:00:00+00:00,-54.1624566666667,108.8179,1,17,0.7,36.5,M,,,64,14.354744325216027,1
2017-01-13T00:00:00+00:00,-54.1203924178333,109.193231487167,5,8,0.128,2220.0,M,-14.38,M,63,13.659332237951714,1
2017-01-13T01:00:00+00:00,-54.0816733333333,109.561546666667,1,14,0.8,36.4,M,,,64,12.38574540413069,1
2017-01-13T02:00:00+00:00,-54.0496516666667,109.926675,1,17,0.7,36.8,M,,,64,14.809271187262175,1
2017-01-13T03:00:00+00:00,-54.0137916666667,110.289125,1,15,0.8,35.6,M,,,64,12.298284544301335,1
2017-01-13T04:00:00+00:00,-53.9754383333333,110.65186000000001,1,12,1.1,34.6,M,,,64,12.060009242513544,1
2017-01-13T05:00:00+00:00,-53.9359483333333,111.017941666667,1,14,0.7,35.6,M,,,64,13.826917473990667,1
2017-01-13T06:00:00+00:00,-53.8994116666667,111.37995500000001,1,15,0.7,34.0,M,,,64,11.935404139017875,1
2017-01-13T07:00:00+00:00,-53.861573333333304,111.738036666667,1,14,0.8,34.1,M,,,64,10.646849621770519,1
2017-01-13T08:00:00+00:00,-53.824865,112.093763333333,1,16,0.7,30.8,M,,,64,14.743603914644355,1
2017-01-13T09:00:00+00:00,-53.8009568531667,112.37501796083299,5,10,0.128,-1.44,M,-15.766,M,63,1.9455450728615369,1
2017-01-13T10:00:00+00:00,-53.765339660500004,112.66999295549999,5,7,0.128,0.091,M,-16.03,M,63,13.28291988871702,1
2017-01-13T11:00:00+00:00,-53.7279242196667,113.027402218167,5,8,0.128,1.113,M,-16.36,M,63,12.67764329305238,1
2017-01-13T12:00:00+00:00,-53.691844999999994,113.384481666667,1,17,0.7,33.4,M,,,64,12.291349891104947,1
2017-01-13T13:00:00+00:00,-53.6561533333333,113.734233333333,1,15,0.8,33.8,M,,,64,12.593464807506082,1
2017-01-13T14:00:00+00:00,-53.61874,114.084038333333,1,17,0.8,31.7,M,,,64,13.00172162238159,1
2017-01-13T15:00:00+00:00,-53.584946666666696,114.426188333333,1,17,0.7,31.6,M,,,64,10.280779607394607,1
2017-01-13T16:00:00+00:00,-53.55067,114.75483500000001,1,16,0.7,35.3,M,,,64,12.416148137586601,1
2017-01-13T17:00:00+00:00,-53.517243333333305,115.07693,1,7,1.3,28.4,M,,,64,12.341176912152648,1
2017-01-13T18:00:00+00:00,-53.4833716666667,115.39466999999999,1,16,0.7,31.1,M,,,64,11.199227171883953,1
2017-01-13T19:00:00+00:00,-53.4512,115.713776666667,1,5,2.1,35.4,M,,,64,12.65056788998214,1
2017-01-13T20:00:00+00:00,-53.4181616666667,116.034148333333,1,16,0.7,33.2,M,,,64,9.984903909882552,1
2017-01-13T21:00:00+00:00,-53.38361,116.353506666667,1,15,0.7,30.7,M,,,64,8.594736307420506,1
2017-01-13T22:00:00+00:00,-53.34930500000001,116.683646666667,1,13,0.9,32.5,M,,,64,13.850753595172751,1
2017-01-13T23:00:00+00:00,-53.309606666666696,117.03068666666701,1,14,0.9,35.5,M,,,64,12.033995325612011,1
2017-01-14T00:00:00+00:00,-53.273957475,117.405061562833,5,7,0.128,0.843,M,-21.0,M,63,13.359473217628508,1
2017-01-14T01:00:00+00:00,-53.23509,117.785968333333,1,15,0.7,32.6,M,,,64,14.130388080157953,1
2017-01-14T02:00:00+00:00,-53.1971916666667,118.12041333333299,1,16,0.7,35.4,M,,,64,0.5621985875707001,1
2017-01-14T03:00:00+00:00,-53.1976283333333,118.136505,1,14,0.9,34.7,M,,,64,1.6865856508058108,1
2017-01-14T04:00:00+00:00,-53.20881,118.15426333333299,1,13,0.8,35.5,M,,,64,1.1636859168713292,1
2017-01-14T05:00:00+00:00,-53.226195,118.17951000000001,1,15,0.7,34.4,M,,,64,2.6068555669064093,1
2017-01-14T06:00:00+00:00,-53.248168333333304,118.207618333333,1,16,0.7,36.2,M,,,64,2.3270779979441776,1
2017-01-14T07:00:00+00:00,-53.23559,118.21323999999998,1,14,0.8,35.9,M,,,64,2.8899963701132725,1
2017-01-14T08:00:00+00:00,-53.1843116666667,118.32595,1,18,0.6,33.1,M,,,64,13.744518951683764,1
2017-01-14T09:00:00+00:00,-53.0887566666667,118.669501666667,1,15,0.7,35.1,M,,,64,14.104275681588463,1
2017-01-14T10:00:00+00:00,-52.9897066666667,119.002238333333,1,15,0.7,35.3,M,,,64,13.093821589083388,1
2017-01-14T11:00:00+00:00,-52.891401666666695,119.32917166666701,1,15,0.8,36.4,M,,,64,12.974303139541187,1
2017-01-14T12:00:00+00:00,-52.80775500000001,119.657946666667,1,17,0.7,33.7,M,,,64,12.507034629784807,1
2017-01-14T13:00:00+00:00,-52.7221733333333,119.98726833333299,1,15,0.7,34.2,M,,,64,11.8359243856481,1
2017-01-14T14:00:00+00:00,-52.639194999999994,120.32431499999998,1,17,0.7,32.0,M,,,64,13.701935011408795,1
2017-01-14T15:00:00+00:00,-52.551584999999996,120.67163000000001,1,17,0.7,34.4,M,,,64,13.419905336988199,1
2017-01-14T16:00:00+00:00,-52.460705000000004,121.02226,1,14,0.9,31.7,M,,,64,13.359132756855464,1
2017-01-14T17:00:00+00:00,-52.3742916666667,121.372258333333,1,7,1.3,28.8,M,,,64,13.997639437485125,1
2017-01-14T18:00:00+00:00,-52.281801666666695,121.71475,1,7,1.5,37.2,M,,,64,13.493737405061129,1
2017-01-14T19:00:00+00:00,-52.19583,122.05885833333299,1,6,1.4,37.8,M,,,64,14.448434094712805,1
2017-01-14T20:00:00+00:00,-52.10413,122.40239,1,16,0.7,34.7,M,,,64,13.721278782375546,1
2017-01-14T21:00:00+00:00,-52.0148666666667,122.748388333333,1,15,0.8,30.2,M,,,64,13.238455612453851,1
2017-01-14T22:00:00+00:00,-51.925541666666696,123.091298333333,1,14,0.8,34.5,M,,,64,13.509861796209226,1
2017-01-14T23:00:00+00:00,-51.8371216666667,123.432296666667,1,14,0.8,34.2,M,,,64,13.743518286127784,1
2017-01-15T00:00:00+00:00,-51.75180721266671,123.772639846667,5,7,0.128,-1.102,M,-22.27,M,63,13.652963807793824,1
2017-01-15T01:00:00+00:00,-51.6616833333333,124.11211999999999,1,13,0.8,35.7,M,,,64,13.333055795332267,1
2017-01-15T02:00:00+00:00,-51.57359500000001,124.452913333333,1,15,0.7,34.4,M,,,64,13.594099286239164,1
2017-01-15T03:00:00+00:00,-51.4832,124.78945,1,13,0.8,34.1,M,,,64,12.81356873140698,1
2017-01-15T04:00:00+00:00,-51.3953383333333,125.12573833333299,1,14,0.8,32.8,M,,,64,14.701647380751345,1
2017-01-15T05:00:00+00:00,-51.3059733333333,125.470386666667,1,16,0.7,31.7,M,,,64,13.373935968616744,1
2017-01-15T06:00:00+00:00,-51.213506666666696,125.819458333333,1,15,0.7,32.4,M,,,64,14.213148992247053,1
2017-01-15T07:00:00+00:00,-51.1228233333333,126.16548666666701,1,14,0.7,33.1,M,,,64,14.556447315322805,1
2017-01-15T08:00:00+00:00,-51.0298,126.514035,1,16,0.7,33.4,M,,,64,14.393913146903524,1
2017-01-15T09:00:00+00:00,-50.9435016666667,126.805873333333,1,14,0.8,33.7,M,,,64,15.628671525110743,1
2017-01-15T10:00:00+00:00,-50.859571666666696,127.174025,1,13,0.8,33.8,M,,,64,15.523999372230156,1
2017-01-15T11:00:00+00:00,-50.7601083333333,127.531758333333,1,12,0.9,34.9,M,,,64,14.35962831992854,1
2017-01-15T12:00:00+00:00,-50.6638483333333,127.891995,1,15,0.8,33.2,M,,,64,14.591478793964374,1
2017-01-15T13:00:00+00:00,-50.5679633333333,128.25204,1,15,0.8,32.7,M,,,64,15.524824939245086,1
2017-01-15T14:00:00+00:00,-50.471496666666695,128.60921499999998,1,17,0.7,32.1,M,,,64,14.354222237502242,1
2017-01-15T15:00:00+00:00,-50.3760383333333,128.964331666667,1,16,0.7,34.0,M,,,64,13.179550713037345,1
2017-01-15T16:00:00+00:00,-50.2854033333333,129.309878333333,1,15,0.9,32.1,M,,,64,14.429279208376572,1
2017-01-15T17:00:00+00:00,-50.191893333333304,129.65553,1,15,0.7,33.8,M,,,64,14.641065100478075,1
2017-01-15T18:00:00+00:00,-50.095055,130.015383333333,1,16,0.7,33.1,M,,,64,16.22199245000699,1
2017-01-15T19:00:00+00:00,-49.991295,130.384946666667,1,12,1.1,32.0,M,,,64,14.974079573087744,1
2017-01-15T20:00:00+00:00,-49.897825,130.760513333333,1,16,0.7,33.8,M,,,64,15.022599517406686,1
2017-01-15T21:00:00+00:00,-49.7960116666667,131.127716666667,1,15,0.8,31.6,M,,,64,14.277275891709793,1
2017-01-15T22:00:00+00:00,-49.6955416666667,131.489385,1,13,0.9,34.3,M,,,64,14.63441091229134,1
2017-01-15T23:00:00+00:00,-49.596995,131.844073333333,1,15,0.7,36.2,M,,,64,16.013210596703892,1
2017-01-16T00:00:00+00:00,-49.4981650351667,132.202601130667,5,7,0.128,-0.357,M,-21.53,M,63,15.233798207818847,1
2017-01-16T01:00:00+00:00,-49.39819,132.558156666667,1,11,0.9,32.2,M,,,64,14.41455073592315,1
2017-01-16T02:00:00+00:00,-49.2999216666667,132.90248,1,14,0.7,34.7,M,,,64,14.749015991498132,1
2017-01-16T03:00:00+00:00,-49.2081183333333,133.246826666667,1,11,1.0,34.4,M,,,64,15.216536704410247,1
2017-01-16T04:00:00+00:00,-49.124565000000004,133.556741666667,1,15,0.7,35.8,M,,,64,2.152104629476701,1
2017-01-16T05:00:00+00:00,-49.07277,133.756655,1,16,0.6,36.5,M,,,64,14.995273838137141,1
2017-01-16T06:00:00+00:00,-48.9837133333333,134.087051666667,1,14,0.8,35.7,M,,,64,14.742066942067886,1
2017-01-16T07:00:00+00:00,-48.891925,134.413441666667,1,15,0.7,35.3,M,,,64,13.883908489915767,1
2017-01-16T08:00:00+00:00,-48.793485,134.652566666667,1,18,0.6,33.4,M,,,64,13.877061047378113,1
2017-01-16T09:00:00+00:00,-48.70922,134.970815,1,13,1.0,34.5,M,,,64,13.561660985704375,1
2017-01-16T10:00:00+00:00,-48.635345,135.292123333333,1,13,0.8,34.4,M,,,64,13.013251884496048,1
2017-01-16T11:00:00+00:00,-48.5588316666667,135.616158333333,1,12,0.9,34.7,M,,,64,13.47650494868463,1
2017-01-16T12:00:00+00:00,-48.470145,135.93441,1,16,0.7,33.7,M,,,64,12.67418592806768,1
2017-01-16T13:00:00+00:00,-48.382581666666695,136.262493333333,1,8,1.5,37.6,M,,,64,14.805638435192034,1
2017-01-16T14:00:00+00:00,-48.2940616666667,136.59564,1,8,1.6,35.3,M,,,64,14.475847559513786,1
2017-01-16T15:00:00+00:00,-48.1951366666667,136.931341666667,1,7,1.7,35.2,M,,,64,14.939402935699134,1
2017-01-16T16:00:00+00:00,-48.1039033333333,137.26011,1,7,1.6,35.1,M,,,64,13.992191715591686,1
2017-01-16T17:00:00+00:00,-48.0098033333333,137.57755500000002,1,8,1.1,36.7,M,,,64,14.756262110876756,1
2017-01-16T18:00:00+00:00,-47.9218516666667,137.89645,1,13,0.9,34.7,M,,,64,13.489973971571429,1
2017-01-16T19:00:00+00:00,-47.829045,138.211626666667,1,13,0.9,34.7,M,,,64,14.86370110178694,1
2017-01-16T20:00:00+00:00,-47.7432533333333,138.526961666667,1,16,0.7,35.1,M,,,64,14.007316985448954,1
2017-01-16T21:00:00+00:00,-47.6535333333333,138.843355,1,13,0.8,35.2,M,,,64,14.624123538979681,1
2017-01-16T22:00:00+00:00,-47.56208,139.158166666667,1,15,0.7,32.7,M,,,64,13.523966456753964,1
2017-01-16T23:00:00+00:00,-47.496693333333305,139.486541666667,1,16,0.7,33.2,M,,,64,13.621990259825143,1
2017-01-17T00:00:00+00:00,-47.430060958833295,139.819698842333,5,8,0.128,-1.666,M,-17.34,M,63,13.923538174607101,1
2017-01-17T01:00:00+00:00,-47.3582783333333,140.151206666667,1,11,0.9,34.1,M,,,64,13.792307266886098,1
2017-01-17T02:00:00+00:00,-47.281105,140.478706666667,1,13,0.8,39.5,M,,,64,13.311734701220946,1
2017-01-17T03:00:00+00:00,-47.20755,140.797318333333,1,12,1.0,36.9,M,,,64,13.560256958180444,1
2017-01-17T04:00:00+00:00,-47.1333066666667,141.113828333333,1,14,0.7,34.4,M,,,64,14.04934253028515,1
2017-01-17T05:00:00+00:00,-47.059815,141.431705,1,14,0.8,35.8,M,,,64,14.751474740964932,1
2017-01-17T06:00:00+00:00,-46.971173333333304,141.74092,1,13,0.9,34.0,M,,,64,14.06819860885798,1
2017-01-17T07:00:00+00:00,-46.9088033333333,141.92816499999995,1,16,0.7,33.4,M,,,64,1.0482603581490382,1
2017-01-17T08:00:00+00:00,-46.89918,141.935903333333,1,16,0.7,32.2,M,,,64,1.4261216178352647,1
2017-01-17T09:00:00+00:00,-46.8931116666667,141.95233000000005,1,13,0.9,37.5,M,,,64,1.7452906815464242,1
2017-01-17T10:00:00+00:00,-46.890705,141.970595,1,13,0.8,38.9,M,,,64,1.520416297311712,1
2017-01-17T11:00:00+00:00,-46.851466666666695,142.06333999999995,1,13,0.9,37.0,M,,,64,12.201635917618791,1
2017-01-17T12:00:00+00:00,-46.727685,142.307231666667,1,15,0.8,33.6,M,,,64,12.892375848154506,1
2017-01-17T13:00:00+00:00,-46.6009983333333,142.549463333333,1,16,0.7,33.8,M,,,64,12.4962571980672,1
2017-01-17T14:00:00+00:00,-46.4781366666667,142.79944,1,8,1.6,35.3,M,,,64,13.006390496601016,1
2017-01-17T15:00:00+00:00,-46.3793566666667,143.06895333333298,1,7,1.6,33.0,M,,,64,12.581540963366148,1
2017-01-17T16:00:00+00:00,-46.304885,143.353068333333,1,7,1.5,32.1,M,,,64,12.476810005324076,1
2017-01-17T17:00:00+00:00,-46.2524216666667,143.643206666667,1,7,1.0,38.4,M,,,64,13.246543014364253,1
2017-01-17T18:00:00+00:00,-46.0543383333333,143.7221,1,4,68.0,39.7,M,,,64,9.225468036635617,1
2017-01-17T19:00:00+00:00,-45.84454,143.759495,1,12,1.0,35.2,M,,,64,13.3727677295922,1
2017-01-17T20:00:00+00:00,-45.685791666666695,143.98500166666702,1,14,0.8,35.6,M,,,64,14.738414517094483,1
2017-01-17T21:00:00+00:00,-45.5384916666667,144.240295,1,16,0.7,35.2,M,,,64,13.224558511537303,1
2017-01-17T22:00:00+00:00,-45.4049516666667,144.49596,1,16,0.7,31.4,M,,,64,14.090452687855024,1
2017-01-17T23:00:00+00:00,-45.28019000000001,144.759751666667,1,15,0.8,34.4,M,,,64,14.112888522775133,1
2017-01-18T00:00:00+00:00,-45.162014563833296,145.03570694116698,5,8,0.128,-1.567,M,-12.42,M,63,14.179637715571037,1
2017-01-18T01:00:00+00:00,-45.0405333333333,145.302223333333,1,12,0.9,32.2,M,,,64,13.667257821976907,1
2017-01-18T02:00:00+00:00,-44.9253266666667,145.56478,1,12,0.9,29.2,M,,,64,12.561625404690346,1
2017-01-18T03:00:00+00:00,-44.820441666666696,145.828195,1,13,0.8,29.9,M,,,64,13.24608204603866,1
2017-01-18T04:00:00+00:00,-44.71692,146.09888999999995,1,15,0.7,32.7,M,,,64,13.179984046576507,1
2017-01-18T05:00:00+00:00,-44.5871516666667,146.341406666667,1,17,0.6,33.9,M,,,64,13.085113283611193,1
2017-01-18T06:00:00+00:00,-44.4892683333333,146.53911499999995,1,13,0.9,33.5,M,,,64,8.356278752334088,1
2017-01-18T07:00:00+00:00,-44.424884999999996,146.696061666667,1,16,0.7,32.6,M,,,64,7.336767818390927,1
2017-01-18T08:00:00+00:00,-44.3592516666667,146.847251666667,1,15,0.7,31.8,M,,,64,7.829891567317668,1
2017-01-18T09:00:00+00:00,-44.2898783333333,147.000545,1,13,0.9,33.5,M,,,64,9.013018936518717,1
2017-01-18T10:00:00+00:00,-44.22075,147.154025,1,15,0.7,35.4,M,,,64,8.395995197497223,1
2017-01-18T11:00:00+00:00,-44.1361883333333,147.29342666666702,1,12,1.1,35.6,M,,,64,8.709880791624348,1
2017-01-18T12:00:00+00:00,-44.0444666666667,147.421276666667,1,15,0.7,33.0,M,,,64,8.04173239528718,1
2017-01-18T13:00:00+00:00,-43.952155,147.554486666667,1,17,0.7,34.5,M,,,64,8.540648711964652,1
2017-01-18T14:00:00+00:00,-43.863821666666695,147.68887,1,9,1.5,31.9,M,,,64,7.317954249836541,1
2017-01-18T15:00:00+00:00,-43.7783616666667,147.823571666667,1,7,1.5,35.3,M,,,64,7.764263073325263,1
2017-01-18T16:00:00+00:00,-43.64902,147.877508333333,1,7,1.3,33.8,M,,,64,12.579395739552982,1
2017-01-18T17:00:00+00:00,-43.4202733333333,147.852168333333,1,7,1.2,33.9,M,,,64,12.861727024753124,1
2017-01-18T18:00:00+00:00,-43.35074,147.720198333333,1,4,24.2,35.9,M,,,64,11.159055634988748,1
2017-01-18T19:00:00+00:00,-43.400884999999995,147.460016666667,1,14,0.7,35.1,M,,,64,13.421177900363695,1
2017-01-18T20:00:00+00:00,-43.1713583333333,147.498111666667,1,15,0.7,35.3,M,,,64,13.899377281139436,1
2017-01-18T21:00:00+00:00,-42.977025,147.37209833333299,1,14,0.8,34.7,M,,,64,11.278935080850664,1
2017-01-18T22:00:00+00:00,-42.880038333333296,147.341691666667,1,16,0.7,36.4,M,,,64,0.8700215744268599,1
2017-01-18T23:00:00+00:00,-42.8801183333333,147.341223333333,1,14,0.8,38.0,M,,,64,0.0,1
2017-01-19T01:00:00+00:00,-42.8801116666667,147.341246666667,1,11,1.0,34.3,M,,,64,0.4466087163964364,1
2017-01-19T02:00:00+00:00,-42.8801166666667,147.34124,1,13,0.8,37.3,M,,,64,0.0,1
2017-01-19T03:00:00+00:00,-42.8801083333333,147.34124,1,13,0.8,38.7,M,,,64,0.0,1
2017-01-19T04:00:00+00:00,-42.8801116666667,147.341233333333,1,15,0.7,36.6,M,,,64,0.0,1
2017-01-19T05:00:00+00:00,-42.8801116666667,147.341241666667,1,16,0.7,35.6,M,,,64,0.2639782602079669,1
2017-01-19T06:00:00+00:00,-42.8801083333333,147.34124,1,13,0.9,33.3,M,,,64,0.0,1
2017-01-19T07:00:00+00:00,-42.8801,147.341225,1,15,0.8,38.6,M,,,64,0.0,1
2017-01-19T08:00:00+00:00,-42.8801,147.34123666666702,1,16,0.7,33.5,M,,,64,0.2639784721810852,1
2017-01-19T09:00:00+00:00,-42.8801216666667,147.34123,1,13,0.9,38.9,M,,,64,0.0,1
2017-01-19T10:00:00+00:00,-42.880123333333295,147.341238333333,1,14,0.8,36.2,M,,,64,0.0,1
2017-01-19T11:00:00+00:00,-42.880134999999996,147.341225,1,6,1.6,36.4,M,,,64,0.2639783224377268,1
2017-01-19T12:00:00+00:00,-42.8800933333333,147.341245,1,15,0.8,34.4,M,,,64,0.0,1
2017-01-19T13:00:00+00:00,-42.8801183333333,147.34124333333298,1,17,0.7,34.3,M,,,64,0.0,1
2017-01-19T14:00:00+00:00,-42.880128333333296,147.341231666667,1,15,0.8,37.2,M,,,64,0.0,1
2017-01-19T15:00:00+00:00,-42.8801183333333,147.34124,1,14,0.8,37.4,M,,,64,0.0,1
2017-01-19T16:00:00+00:00,-42.88012666666671,147.341235,1,14,0.8,38.0,M,,,64,0.0,1
2017-01-19T17:00:00+00:00,-42.8801133333333,147.341238333333,1,13,0.8,34.8,M,,,64,0.0,1
2017-01-19T18:00:00+00:00,-42.880101666666704,147.34123,1,12,0.9,36.2,M,,,64,0.0,1
2017-01-19T19:00:00+00:00,-42.88010666666671,147.341238333333,1,14,0.8,36.2,M,,,64,0.3602427266413402,1
2017-01-19T20:00:00+00:00,-42.8801133333333,147.34124,1,15,0.7,37.6,M,,,64,0.0,1
2017-01-19T21:00:00+00:00,-42.88013,147.34124,1,14,0.8,36.9,M,,,64,0.0,1
2017-01-19T22:00:00+00:00,-42.8801183333333,147.341225,1,16,0.7,37.6,M,,,64,0.0,1
2017-01-19T23:00:00+00:00,-42.8801116666667,147.341231666667,1,14,0.8,34.9,M,,,64,0.0,1
2017-01-20T01:00:00+00:00,-42.8801116666667,147.34123,1,11,1.0,40.4,M,,,64,0.0,1
2017-01-20T02:00:00+00:00,-42.8801133333333,147.341238333333,1,13,0.8,38.7,M,,,64,0.0,1
2017-01-20T03:00:00+00:00,-42.8801116666667,147.341235,1,14,0.8,37.3,M,,,64,0.0,1
2017-01-20T04:00:00+00:00,-42.8800733333333,147.341221666667,1,15,0.7,32.8,M,,,64,0.0,1
2017-01-20T05:00:00+00:00,-42.880103333333295,147.341221666667,1,16,0.7,35.5,M,,,64,0.2639784579198174,1
2017-01-20T06:00:00+00:00,-42.880109999999995,147.341241666667,1,13,0.9,35.3,M,,,64,0.0,1
2017-01-20T07:00:00+00:00,-42.880103333333295,147.341228333333,1,15,0.8,36.5,M,,,64,0.2639784579198174,1
2017-01-20T08:00:00+00:00,-42.880103333333295,147.341233333333,1,16,0.7,35.1,M,,,64,0.0,1
2017-01-20T09:00:00+00:00,-42.880109999999995,147.341228333333,1,11,1.2,37.2,M,,,64,0.0,1
2017-01-20T10:00:00+00:00,-42.88010666666671,147.34124,1,13,0.8,37.6,M,,,64,0.3602427266413402,1
2017-01-20T11:00:00+00:00,-42.8801166666667,147.34124333333298,1,14,0.8,37.9,M,,,64,0.0,1
2017-01-20T12:00:00+00:00,-42.8801183333333,147.341253333333,1,15,0.8,35.4,M,,,64,0.0,1
2017-01-20T13:00:00+00:00,-42.8801166666667,147.341241666667,1,15,0.7,33.8,M,,,64,0.0,1
2017-01-20T14:00:00+00:00,-42.8801216666667,147.341233333333,1,15,0.9,36.1,M,,,64,0.0,1
2017-01-20T15:00:00+00:00,-42.880125,147.341223333333,1,14,0.9,34.4,M,,,64,0.0,1
2017-01-20T16:00:00+00:00,-42.880115,147.341233333333,1,14,0.8,35.7,M,,,64,0.0,1
2017-01-20T17:00:00+00:00,-42.88013,147.34122,1,7,1.2,38.7,M,,,64,0.0,1
2017-01-20T18:00:00+00:00,-42.88013166666671,147.34125,1,5,1.8,35.9,M,,,64,0.0,1
2017-01-20T19:00:00+00:00,-42.8801216666667,147.341241666667,1,14,0.8,37.9,M,,,64,0.0,1
2017-01-20T20:00:00+00:00,-42.880109999999995,147.341235,1,15,0.7,35.6,M,,,64,0.0,1
2017-01-20T21:00:00+00:00,-42.880125,147.34124,1,14,0.7,36.7,M,,,64,0.3602427512142552,1
2017-01-20T22:00:00+00:00,-42.8801166666667,147.34123666666702,1,16,0.7,36.5,M,,,64,0.0,1
2017-01-20T23:00:00+00:00,-42.8801216666667,147.341235,1,14,0.8,37.6,M,,,64,0.0,1
2017-01-21T01:00:00+00:00,-42.88012,147.341235,1,11,1.0,37.5,M,,,64,0.0,1
2017-01-21T02:00:00+00:00,-42.880095000000004,147.341228333333,1,13,0.9,34.1,M,,,64,0.0,1
2017-01-21T03:00:00+00:00,-42.88010666666671,147.341221666667,1,15,0.7,37.2,M,,,64,0.0,1
2017-01-21T04:00:00+00:00,-42.880125,147.341235,1,13,0.9,41.3,M,,,64,0.0,1
2017-01-21T05:00:00+00:00,-42.8801083333333,147.341241666667,1,16,0.6,36.9,M,,,64,0.0,1
2017-01-21T06:00:00+00:00,-42.8801183333333,147.341238333333,1,14,0.8,36.2,M,,,64,0.2639782316854416,1
2017-01-21T07:00:00+00:00,-42.880109999999995,147.341233333333,1,14,0.8,36.6,M,,,64,0.36024274967844794,1
2017-01-21T08:00:00+00:00,-42.8801,147.34124333333298,1,16,0.7,33.3,M,,,64,0.0,1
2017-01-21T09:00:00+00:00,-42.880103333333295,147.34123666666702,1,10,1.4,36.7,M,,,64,0.0,1
2017-01-21T10:00:00+00:00,-42.880128333333296,147.341238333333,1,13,0.8,39.9,M,,,64,0.0,1
2017-01-21T11:00:00+00:00,-42.88012,147.341245,1,13,0.9,36.0,M,,,64,0.0,1
2017-01-21T12:00:00+00:00,-42.880115,147.341245,1,15,0.8,33.7,M,,,64,0.0,1
2017-01-21T13:00:00+00:00,-42.8801133333333,147.341238333333,1,17,0.7,33.2,M,,,64,0.0,1
2017-01-21T14:00:00+00:00,-42.880109999999995,147.34123666666702,1,15,0.9,34.4,M,,,64,0.2639784293972786,1
2017-01-21T15:00:00+00:00,-42.88012666666671,147.341238333333,1,13,1.0,36.0,M,,,64,0.7204855024285104,1
2017-01-21T16:00:00+00:00,-42.8801183333333,147.341235,1,15,0.7,35.7,M,,,64,0.0,1
2017-01-21T17:00:00+00:00,-42.88013,147.34122,1,11,1.0,35.8,M,,,64,0.26397834382964114,1
2017-01-21T18:00:00+00:00,-42.88012,147.341228333333,1,12,0.9,40.2,M,,,64,0.0,1
2017-01-21T19:00:00+00:00,-42.880123333333295,147.341238333333,1,14,0.8,37.6,M,,,64,0.0,1
2017-01-21T20:00:00+00:00,-42.8801183333333,147.341231666667,1,16,0.6,36.3,M,,,64,0.0,1
2017-01-21T21:00:00+00:00,-42.88010666666671,147.341235,1,14,0.7,34.9,M,,,64,0.3602427266413402,1
2017-01-21T22:00:00+00:00,-42.8801083333333,147.341226666667,1,16,0.7,32.3,M,,,64,0.0,1
2017-01-21T23:00:00+00:00,-42.8801183333333,147.341225,1,14,0.8,36.9,M,,,64,0.36024274967844794,1
2017-01-22T03:00:00+00:00,-42.8801366666667,147.34123666666702,1,14,0.8,36.8,M,,,64,0.36024272817714736,1
2017-01-22T04:00:00+00:00,-42.8801133333333,147.341245,1,13,0.8,38.9,M,,,64,0.0,1
2017-01-22T05:00:00+00:00,-42.880115,147.341228333333,1,16,0.6,36.7,M,,,64,0.0,1
2017-01-22T06:00:00+00:00,-42.880125,147.341233333333,1,16,0.7,36.9,M,,,64,0.0,1
2017-01-22T07:00:00+00:00,-42.880109999999995,147.34124,1,14,0.8,36.8,M,,,64,0.0,1
2017-01-22T08:00:00+00:00,-42.880105,147.341235,1,16,0.7,37.3,M,,,64,0.0,1
2017-01-22T09:00:00+00:00,-42.880134999999996,147.34125,1,11,1.3,44.0,M,,,64,0.0,1
2017-01-22T10:00:00+00:00,-42.880115,147.341245,1,14,0.8,37.9,M,,,64,0.3602427512142552,1
2017-01-22T11:00:00+00:00,-42.880115,147.34125,1,14,0.8,37.2,M,,,64,0.0,1
2017-01-22T12:00:00+00:00,-42.880125,147.34125500000005,1,15,0.8,35.5,M,,,64,0.0,1
2017-01-22T13:00:00+00:00,-42.89225,147.356215,1,16,0.7,36.0,M,,,64,8.975678182767796,1
2017-01-22T14:00:00+00:00,-43.0907183333333,147.41319,1,17,0.7,35.8,M,,,64,13.862385255338385,1
2017-01-22T15:00:00+00:00,-43.3041083333333,147.556736666667,1,14,0.8,35.3,M,,,64,13.063779554520815,1
2017-01-22T16:00:00+00:00,-43.510405,147.736306666667,1,6,1.4,35.1,M,,,64,14.553276603742251,1
2017-01-22T17:00:00+00:00,-43.719171666666696,147.91847166666702,1,7,1.3,36.2,M,,,64,15.112533407580402,1
2017-01-22T18:00:00+00:00,-43.9294383333333,148.10457,1,13,0.8,33.4,M,,,64,15.403107430867353,1
2017-01-22T19:00:00+00:00,-44.1390533333333,148.289515,1,13,0.8,31.0,M,,,64,14.852224639832412,1
2017-01-22T20:00:00+00:00,-44.34115,148.485298333333,1,15,0.7,31.1,M,,,64,15.507276374420275,1
2017-01-22T21:00:00+00:00,-44.5402133333333,148.676038333333,1,15,0.7,31.6,M,,,64,14.460400296139335,1
2017-01-22T22:00:00+00:00,-44.7411483333333,148.874523333333,1,16,0.7,28.6,M,,,64,16.127030618903547,1
2017-01-22T23:00:00+00:00,-44.9461166666667,149.07227,1,14,0.8,29.6,M,,,64,15.056452505363994,1
2017-01-23T00:00:00+00:00,-45.1523918468333,149.269959990167,5,6,0.128,-1.842,M,-8.91,M,63,14.779451626391575,1
2017-01-23T01:00:00+00:00,-45.3595666666667,149.469318333333,1,10,1.1,24.8,M,,,64,15.426074612137,1
2017-01-23T02:00:00+00:00,-45.569585,149.659843333333,1,13,0.8,31.0,M,,,64,15.04890479926009,1
2017-01-23T03:00:00+00:00,-45.78426500000001,149.851023333333,1,14,0.8,32.1,M,,,64,15.664405579667024,1
2017-01-23T04:00:00+00:00,-46.0031483333333,150.04207,1,14,0.8,31.8,M,,,64,14.80364729451393,1
2017-01-23T05:00:00+00:00,-46.21904,150.235828333333,1,15,0.7,30.2,M,,,64,15.478590980337556,1
2017-01-23T06:00:00+00:00,-46.40379,150.414471666667,1,15,0.8,32.9,M,,,64,7.666979591725409,1
2017-01-23T07:00:00+00:00,-46.3961083333333,150.40277,1,13,0.9,31.5,M,,,64,1.4622324933673243,1
2017-01-23T08:00:00+00:00,-46.3945716666667,150.39543999999995,1,16,0.7,31.6,M,,,64,1.8684995943022773,1
2017-01-23T09:00:00+00:00,-46.392766666666695,150.38981166666701,1,12,0.9,35.2,M,,,64,0.9938535271520941,1
2017-01-23T10:00:00+00:00,-46.3928866666667,150.394825,1,14,0.8,32.6,M,,,64,0.7453884693426319,1
2017-01-23T11:00:00+00:00,-46.3868633333333,150.406618333333,1,6,1.9,32.1,M,,,64,2.175693321290527,1
2017-01-23T12:00:00+00:00,-46.4901383333333,150.384733333333,1,15,0.8,30.0,M,,,64,13.769871402368365,1
2017-01-23T13:00:00+00:00,-46.73043,150.390803333333,1,15,0.8,28.7,M,,,64,13.05308855052815,1
2017-01-23T14:00:00+00:00,-46.968305,150.39771499999995,1,8,1.7,33.6,M,,,64,14.44322190759932,1
2017-01-23T15:00:00+00:00,-47.20694,150.396378333333,1,8,1.1,35.7,M,,,64,15.498169019137087,1
2017-01-23T16:00:00+00:00,-47.4457983333333,150.395026666667,1,15,0.7,30.1,M,,,64,13.708721684539055,1
2017-01-23T17:00:00+00:00,-47.6834566666667,150.400213333333,1,10,1.1,30.4,M,,,64,12.968738745766592,1
2017-01-23T18:00:00+00:00,-47.9200166666667,150.40008500000005,1,13,0.9,31.7,M,,,64,14.051541102650607,1
2017-01-23T19:00:00+00:00,-48.1569466666667,150.398756666667,1,15,0.7,32.4,M,,,64,14.777770537311941,1
2017-01-23T20:00:00+00:00,-48.4042266666667,150.39769166666701,1,15,0.7,33.1,M,,,64,14.122554453653386,1
2017-01-23T21:00:00+00:00,-48.6466216666667,150.407585,1,16,0.7,35.9,M,,,64,15.492266398507107,1
2017-01-23T22:00:00+00:00,-48.8841233333333,150.35271333333299,1,14,0.8,33.8,M,,,64,13.106474176407227,1
2017-01-23T23:00:00+00:00,-49.104711666666695,150.29408,1,15,0.8,38.1,M,,,64,12.628332059869221,1
2017-01-24T00:00:00+00:00,-49.3159150123333,150.23875118883302,5,6,0.128,0.811,M,-14.82,M,63,13.129598598782591,1
2017-01-24T01:00:00+00:00,-49.52579,150.1871,1,10,1.1,34.7,M,,,64,13.402619060175176,1
2017-01-24T02:00:00+00:00,-49.728865,150.148848333333,1,14,0.8,29.8,M,,,64,11.162695727002067,1
2017-01-24T03:00:00+00:00,-49.9205166666667,150.120663333333,1,13,0.9,32.5,M,,,64,9.82560704929849,1
2017-01-24T04:00:00+00:00,-50.096470000000004,150.102206666667,1,14,0.8,28.2,M,,,64,9.806261631510806,1
2017-01-24T05:00:00+00:00,-50.262878333333305,150.08306000000005,1,15,0.7,32.5,M,,,64,8.440944999792245,1
2017-01-24T06:00:00+00:00,-50.407835,150.057608333333,1,15,0.8,34.5,M,,,64,6.463323016419422,1
2017-01-24T07:00:00+00:00,-50.5354666666667,150.012126666667,1,15,0.8,28.8,M,,,64,7.3616136838795585,1
2017-01-24T08:00:00+00:00,-50.65637,149.953998333333,1,15,0.7,32.9,M,,,64,11.281374077466744,1
2017-01-24T09:00:00+00:00,-50.7654483333333,149.893008333333,1,13,0.8,33.2,M,,,64,7.226528816924543,1
2017-01-24T10:00:00+00:00,-50.876884999999994,149.828715,1,15,0.8,32.9,M,,,64,11.225210599143695,1
2017-01-24T11:00:00+00:00,-50.992618333333304,149.76701,1,16,0.7,31.4,M,,,64,7.543566065607536,1
2017-01-24T12:00:00+00:00,-51.1141066666667,149.687366666667,1,15,0.9,29.8,M,,,64,8.996594771756559,1
2017-01-24T13:00:00+00:00,-51.23705528566671,149.606307919667,5,10,0.128,-4.297,M,-15.6,M,63,8.666566155864471,1
2017-01-24T14:00:00+00:00,-51.3829883333333,149.543553333333,1,15,0.9,26.7,M,,,64,7.325653873270726,1
2017-01-24T15:00:00+00:00,-51.5443666666667,149.51273500000005,1,15,0.8,31.6,M,,,64,8.648728077774168,1
2017-01-24T16:00:00+00:00,-51.71533,149.487198333333,1,14,0.7,31.9,M,,,64,11.896388474046875,1
2017-01-24T17:00:00+00:00,-51.89865,149.46578,1,11,1.1,28.5,M,,,64,9.179960691906887,1
2017-01-24T18:00:00+00:00,-52.1323066666667,149.414783333333,1,15,0.7,30.2,M,,,64,13.095509333209831,1
2017-01-24T19:00:00+00:00,-52.3740616666667,149.38602,1,15,0.7,30.4,M,,,64,14.796127921464858,1
2017-01-24T20:00:00+00:00,-52.61796500000001,149.35835333333299,1,15,0.7,31.5,M,,,64,15.131775916272687,1
2017-01-24T21:00:00+00:00,-52.8643833333333,149.331763333333,1,14,0.8,32.3,M,,,64,15.999182338778171,1
2017-01-24T22:00:00+00:00,-53.111175,149.30309499999996,1,15,0.8,32.1,M,,,64,16.931408910831742,1
2017-01-24T23:00:00+00:00,-53.35576999999999,149.280073333333,1,15,0.7,32.6,M,,,64,14.638876131405866,1
2017-01-25T01:00:00+00:00,-53.56913,149.27322,1,11,1.0,33.5,M,,,64,0.9284604384222228,1
2017-01-25T02:00:00+00:00,-53.57973000000001,149.298136666667,1,15,0.8,31.6,M,,,64,1.5031206414203455,1
2017-01-25T03:00:00+00:00,-53.5930866666667,149.300221666667,1,15,0.7,33.8,M,,,64,0.8378293504704443,1
2017-01-25T04:00:00+00:00,-53.612455000000004,149.304741666667,1,14,0.8,34.7,M,,,64,0.5589863550562328,1
2017-01-25T05:00:00+00:00,-53.664056666666696,149.309436666667,1,14,0.7,33.6,M,,,64,13.371640808312554,1
2017-01-25T06:00:00+00:00,-53.918169999999996,149.313505,1,14,1.0,34.3,M,,,64,15.542654829338606,1
2017-01-25T07:00:00+00:00,-54.1704466666667,149.273901666667,1,16,0.7,32.9,M,,,64,15.306978808834806,1
2017-01-25T08:00:00+00:00,-54.4310783333333,149.226078333333,1,15,0.7,34.8,M,,,64,16.59235083376204,1
2017-01-25T09:00:00+00:00,-54.6873062133333,149.186156940333,5,7,0.128,1.159,M,-21.4,M,63,15.31675222385615,1
2017-01-25T10:00:00+00:00,-54.938049761333296,149.141075277167,5,8,0.128,1.199,M,-21.94,M,63,15.336487447525975,1
2017-01-25T11:00:00+00:00,-55.182285,149.112183333333,1,15,0.7,33.7,M,,,64,14.885508912384438,1
2017-01-25T12:00:00+00:00,-55.4277916666667,149.074476666667,1,17,0.7,32.1,M,,,64,14.553982338112268,1
2017-01-25T13:00:00+00:00,-55.668859999999995,149.03176000000005,1,15,0.9,33.2,M,,,64,14.024344624901614,1
2017-01-25T14:00:00+00:00,-55.9050966666667,149.003308333333,1,15,0.8,32.8,M,,,64,13.726410756025665,1
2017-01-25T15:00:00+00:00,-56.134985,149.000193333333,1,16,0.8,33.7,M,,,64,13.544907478179185,1
2017-01-25T16:00:00+00:00,-56.3636366666667,148.99268500000005,1,16,0.7,32.0,M,,,64,13.741482018661056,1
2017-01-25T17:00:00+00:00,-56.5934333333333,148.988513333333,1,13,1.0,33.6,M,,,64,14.443795061080092,1
2017-01-25T18:00:00+00:00,-56.8265716666667,148.952078333333,1,14,0.8,33.4,M,,,64,13.956958194455929,1
2017-01-25T19:00:00+00:00,-57.0660616666667,148.92286166666702,1,15,0.7,35.7,M,,,64,14.421683788524895,1
2017-01-25T20:00:00+00:00,-57.3115816666667,148.916486666667,1,18,0.6,34.9,M,,,64,14.781480518561427,1
2017-01-25T21:00:00+00:00,-57.5458666666667,148.89428999999996,1,13,1.0,32.2,M,,,64,13.7110463692246,1
2017-01-25T22:00:00+00:00,-57.7746933333333,148.86275,1,17,0.7,36.0,M,,,64,13.52685003588928,1
2017-01-25T23:00:00+00:00,-58.0027483333333,148.82898,1,16,0.8,37.5,M,,,64,14.56188946918658,1
2017-01-26T00:00:00+00:00,-58.232252804333285,148.789358838333,5,7,0.128,2.33,M,-28.0,M,63,13.973870822286887,1
2017-01-26T01:00:00+00:00,-58.4623933333333,148.756705,1,15,0.8,33.8,M,,,64,13.330313284985685,1
2017-01-26T02:00:00+00:00,-58.6942833333333,148.72962166666701,1,14,0.9,34.2,M,,,64,13.709685071896114,1
2017-01-26T03:00:00+00:00,-58.927228333333304,148.701406666667,1,14,0.7,33.0,M,,,64,14.054387339064819,1
2017-01-26T04:00:00+00:00,-59.16091,148.659098333333,1,16,0.7,34.1,M,,,64,14.049466974836445,1
2017-01-26T05:00:00+00:00,-59.3936233333333,148.62195666666702,1,14,0.7,35.6,M,,,64,13.330243339453292,1
2017-01-26T06:00:00+00:00,-59.6002,148.571056666667,1,14,0.9,33.8,M,,,64,0.6548697868929905,1
2017-01-26T07:00:00+00:00,-59.5993783333333,148.592823333333,1,18,0.7,31.3,M,,,64,1.4137859240326478,1
2017-01-26T08:00:00+00:00,-59.5966983333333,148.608455,1,16,0.7,32.3,M,,,64,1.3098347820702874,1
2017-01-26T09:00:00+00:00,-59.604645,148.61946,1,15,0.9,35.0,M,,,64,0.5125075009977886,1
2017-01-26T10:00:00+00:00,-59.607715,148.631023333333,1,16,0.7,33.8,M,,,64,1.3256580244111729,1
2017-01-26T11:00:00+00:00,-59.6106383333333,148.640473333333,1,15,0.7,32.1,M,,,64,1.3255511687048338,1
2017-01-26T12:00:00+00:00,-59.6172533333333,148.65145833333298,1,17,0.7,32.8,M,,,64,0.728805596864877,1
2017-01-26T13:00:00+00:00,-59.625919999999994,148.62060666666702,1,18,0.6,31.7,M,,,64,13.468631866768154,1
2017-01-26T14:00:00+00:00,-59.848801666666695,148.529843333333,1,15,0.8,34.3,M,,,64,14.256276150546984,1
2017-01-26T15:00:00+00:00,-60.0734666666667,148.431106666667,1,17,0.7,31.3,M,,,64,13.674661977552605,1
2017-01-26T16:00:00+00:00,-60.296923333333304,148.325411666667,1,17,0.6,29.5,M,,,64,13.884513765895624,1
2017-01-26T17:00:00+00:00,-60.5215466666667,148.236948333333,1,13,0.9,28.7,M,,,64,13.20407939735828,1
2017-01-26T18:00:00+00:00,-60.745415,148.135175,1,14,0.8,29.8,M,,,64,15.2874013556376,1
2017-01-26T19:00:00+00:00,-60.971218333333304,148.035175,1,14,0.8,29.1,M,,,64,13.973652858097232,1
2017-01-26T20:00:00+00:00,-61.1999516666667,147.937065,1,17,0.7,28.9,M,,,64,14.645890152453186,1
2017-01-26T21:00:00+00:00,-61.4272183333333,147.836906666667,1,15,0.7,29.7,M,,,64,13.960846865572313,1
2017-01-26T22:00:00+00:00,-61.6501283333333,147.72016000000005,1,16,0.7,30.9,M,,,64,13.655668559866918,1
2017-01-26T23:00:00+00:00,-61.87589499999999,147.61829,1,17,0.7,29.7,M,,,64,14.058700104335616,1
2017-01-27T00:00:00+00:00,-62.0997746546667,147.52137425733298,5,5,0.128,-5.395,M,-32.34,M,63,14.074753022584035,1
2017-01-27T01:00:00+00:00,-62.323825,147.416251666667,1,18,0.7,25.2,M,,,64,14.016630772645971,1
2017-01-27T02:00:00+00:00,-62.551044999999995,147.322426666667,1,16,0.7,29.7,M,,,64,14.048110563615305,1
2017-01-27T03:00:00+00:00,-62.775285,147.22121833333298,1,13,0.8,26.0,M,,,64,14.058163720863645,1
2017-01-27T04:00:00+00:00,-62.996983333333304,147.107245,1,18,0.6,28.3,M,,,64,13.768146713313492,1
2017-01-27T05:00:00+00:00,-63.2193083333333,147.010455,1,17,0.7,29.2,M,,,64,13.681117084091833,1
2017-01-27T06:00:00+00:00,-63.439585,146.889531666667,1,14,0.9,28.9,M,,,64,14.141173742585215,1
2017-01-27T07:00:00+00:00,-63.663625,146.789026666667,1,19,0.6,29.7,M,,,64,13.515471177898169,1
2017-01-27T08:00:00+00:00,-63.8889383333333,146.675105,1,17,0.7,27.2,M,,,64,13.81346329644808,1
2017-01-27T09:00:00+00:00,-64.1131833333333,146.568636666667,1,15,0.8,25.4,M,,,64,14.225448070929756,1
2017-01-27T10:00:00+00:00,-64.33346999999999,146.454546666667,1,17,0.7,26.1,M,,,64,13.888059448609564,1
2017-01-27T11:00:00+00:00,-64.5568716666667,146.348166666667,1,15,0.8,30.3,M,,,64,13.836286629867773,1
2017-01-27T12:00:00+00:00,-64.78149,146.235223333333,1,19,0.6,29.0,M,,,64,14.099553556631768,1
2017-01-27T13:00:00+00:00,-65.005335,146.10426,1,18,0.7,29.4,M,,,64,14.23378498350766,1
2017-01-27T14:00:00+00:00,-65.218745,145.992956666667,1,18,0.7,28.3,M,,,64,9.672882975996188,1
2017-01-27T15:00:00+00:00,-65.37438,145.9182,1,16,0.7,26.4,M,,,64,9.841702925193974,1
2017-01-27T16:00:00+00:00,-65.4995216666667,145.82852,1,16,0.7,28.2,M,,,64,7.501640015000023,1
2017-01-27T17:00:00+00:00,-65.6258533333333,145.82445166666702,1,16,0.7,30.2,M,,,64,7.549072780080893,1
2017-01-27T18:00:00+00:00,-65.7343166666667,145.831596666667,1,16,0.7,26.7,M,,,64,7.355390483478501,1
2017-01-27T19:00:00+00:00,-65.86819,145.90113,1,16,0.7,28.6,M,,,64,5.242613607687918,1
2017-01-27T20:00:00+00:00,-65.97635,145.97231000000005,1,18,0.6,29.2,M,,,64,8.290773389293248,1
2017-01-27T21:00:00+00:00,-66.1131533333333,145.991768333333,1,16,0.7,31.5,M,,,64,8.676536384406718,1
2017-01-27T22:00:00+00:00,-66.24831,146.000316666667,1,17,0.7,29.2,M,,,64,8.331194022238341,1
2017-01-27T23:00:00+00:00,-66.3830883333333,146.052538333333,1,15,0.7,34.7,M,,,64,8.31694632788043,1
2017-01-28T00:00:00+00:00,-66.5416564305,146.033158904167,5,8,0.128,-1.703,M,-45.94,M,63,10.82664349893976,1
2017-01-28T01:00:00+00:00,-66.70380166666669,145.840568333333,1,19,0.6,30.8,M,,,64,13.604388255959151,1
2017-01-28T02:00:00+00:00,-66.8720733333333,145.469408333333,1,16,0.8,32.8,M,,,64,10.530110001867312,1
2017-01-28T03:00:00+00:00,-66.99339499999999,145.204023333333,1,14,0.9,31.7,M,,,64,10.073181374504207,1
2017-01-28T04:00:00+00:00,-67.04058,145.00218,1,18,0.6,33.9,M,,,64,4.85092112749729,1
2017-01-28T05:00:00+00:00,-67.09856500000001,144.98981,1,17,0.6,35.4,M,,,64,5.6535919924247215,1
2017-01-28T06:00:00+00:00,-67.1586383333333,144.931388333333,1,15,0.7,39.3,M,,,64,4.933456298627443,1
2017-01-28T07:00:00+00:00,-67.167795,144.896091666667,1,20,0.6,30.9,M,,,64,5.843335590201037,1
2017-01-28T08:00:00+00:00,-67.07770500000001,144.98844666666702,1,16,0.7,31.0,M,,,64,5.313144274375071,1
2017-01-28T09:00:00+00:00,-67.10820333333331,144.926688333333,1,15,0.8,33.0,M,,,64,4.544366108936377,1
2017-01-28T10:00:00+00:00,-67.15401666666669,144.871406666667,1,17,0.7,34.3,M,,,64,5.846445150518693,1
2017-01-28T11:00:00+00:00,-67.071135,144.97045,1,16,0.7,33.8,M,,,64,5.2035550743835435,1
2017-01-28T12:00:00+00:00,-67.12103,144.869653333333,1,20,0.6,33.5,M,,,64,5.2342595579478095,1
2017-01-28T13:00:00+00:00,-67.1175966666667,144.850971666667,1,20,0.6,30.4,M,,,64,5.702226427439062,1
2017-01-28T14:00:00+00:00,-67.0630166666667,144.918043333333,1,17,0.7,31.6,M,,,64,5.201526362778643,1
2017-01-28T15:00:00+00:00,-67.1420416666667,144.817748333333,1,17,0.7,32.5,M,,,64,5.518047952326199,1
2017-01-28T16:00:00+00:00,-67.1058466666667,144.90051,1,16,0.7,30.3,M,,,64,5.905547268463009,1
2017-01-28T17:00:00+00:00,-67.09819499999999,144.90271166666702,1,15,0.7,36.4,M,,,64,4.73532205636152,1
2017-01-28T18:00:00+00:00,-67.1827983333333,144.861906666667,1,16,0.7,33.5,M,,,64,5.635515061429016,1
2017-01-28T19:00:00+00:00,-67.2230083333333,144.727996666667,1,16,0.7,31.7,M,,,64,5.668588401591277,1
2017-01-28T20:00:00+00:00,-67.153785,144.668101666667,1,18,0.6,29.6,M,,,64,6.521971987324009,1
2017-01-28T21:00:00+00:00,-67.0886133333333,144.93832,1,15,0.7,32.1,M,,,64,5.754840122574921,1
2017-01-28T22:00:00+00:00,-67.1027570166667,144.93659324633302,5,11,0.128,7.797,M,-46.47,M,63,0.11926479923433406,1
2017-01-28T23:00:00+00:00,-67.1036233333333,144.92619,1,15,0.7,33.5,M,,,64,0.14015812126056576,1
2017-01-29T00:00:00+00:00,-67.1040373006667,144.916733805333,5,10,0.128,-0.921,M,-46.47,M,63,0.7458864898233013,1
2017-01-29T01:00:00+00:00,-67.1017116666667,144.912405,1,19,0.6,32.0,M,,,64,1.5573718176957156,1
2017-01-29T02:00:00+00:00,-67.11171999999999,144.90821499999996,1,16,0.7,31.1,M,,,64,1.9148161038231963,1
2017-01-29T03:00:00+00:00,-67.14430166666669,144.852196666667,1,14,0.8,34.0,M,,,64,1.6018285595627717,1
2017-01-29T04:00:00+00:00,-67.1302983333333,144.832178333333,1,18,0.6,37.0,M,,,64,1.545966794509969,1
2017-01-29T05:00:00+00:00,-67.0723283333333,145.00590666666702,1,16,0.6,38.6,M,,,64,5.118880448381674,1
2017-01-29T06:00:00+00:00,-67.12379,145.038421666667,1,14,0.8,34.2,M,,,64,1.6020881884144929,1
2017-01-29T07:00:00+00:00,-67.1285483333333,145.047985,1,20,0.6,30.9,M,,,64,0.14001374147486706,1
2017-01-29T09:00:00+00:00,-67.1287633333333,145.04845500000005,1,15,0.8,32.3,M,,,64,0.140012493569562,1
2017-01-29T10:00:00+00:00,-67.12856384116671,145.048513865333,5,10,0.128,1.682,M,-46.66,M,63,0.12327616358401595,1
2017-01-29T12:00:00+00:00,-67.1285667021667,145.048531154667,5,11,0.128,-2.143,M,-46.66,M,63,0.07437707055650754,1
2017-01-29T14:00:00+00:00,-67.1287583333333,145.04854,1,18,0.6,34.7,M,,,64,0.14001252492274774,1
2017-01-29T15:00:00+00:00,-67.1287566666667,145.04853500000004,1,17,0.7,33.9,M,,,64,0.14001253219029342,1
2017-01-29T17:00:00+00:00,-67.1287583333333,145.048501666667,1,15,0.7,33.8,M,,,64,0.14001252492274774,1
2017-01-29T18:00:00+00:00,-67.1287433333333,145.048558333333,1,15,0.7,32.2,M,,,64,0.14001252825205374,1
2017-01-29T20:00:00+00:00,-67.1285675843333,145.0485239505,5,10,0.128,-1.743,M,-46.66,M,63,0.048234992053417886,1
2017-01-29T21:00:00+00:00,-67.1285626093333,145.048594558167,5,8,0.128,-2.408,M,-46.66,M,63,0.04741714629429978,1
2017-01-29T22:00:00+00:00,-67.1266866666667,145.048366666667,1,17,0.6,31.5,M,,,64,1.8495492690008244,1
2017-01-29T23:00:00+00:00,-67.0924573896667,145.012867849,5,9,0.128,-5.43,M,-46.53,M,63,0.0508097705912994,1
2017-01-30T01:00:00+00:00,-67.0927966666667,145.013115,1,18,0.6,31.7,M,,,64,0.3865704377500121,1
2017-01-30T02:00:00+00:00,-67.0928016666667,145.012956666667,1,16,0.8,35.3,M,,,64,0.14022079825653752,1
2017-01-30T03:00:00+00:00,-67.0925883333333,145.012816666667,1,14,0.8,33.7,M,,,64,0.3602427512142552,1
2017-01-30T04:00:00+00:00,-67.0927116666667,145.01315666666702,1,15,0.7,36.3,M,,,64,0.1402213194981241,1
2017-01-30T05:00:00+00:00,-67.09276,145.01325500000004,1,18,0.6,34.9,M,,,64,0.3602427481426408,1
2017-01-30T06:00:00+00:00,-67.0927816666667,145.013391666667,1,14,0.8,31.6,M,,,64,0.1402209140880311,1
2017-01-30T07:00:00+00:00,-67.0623616666667,145.078055,1,20,0.6,31.9,M,,,64,8.153931582525539,1
2017-01-30T08:00:00+00:00,-67.05887,144.893206666667,1,17,0.7,33.5,M,,,64,0.6672682211511114,1
2017-01-30T09:00:00+00:00,-67.064,144.951636666667,1,15,0.8,35.7,M,,,64,0.3866309780467713,1
2017-01-30T10:00:00+00:00,-67.0650766666667,144.98556499999995,1,17,0.6,30.1,M,,,64,0.3602427297129546,1
2017-01-30T11:00:00+00:00,-67.065091896,144.98205941516702,5,10,0.128,-0.253,M,-46.44,M,63,0.2115040190967361,1
2017-01-30T12:00:00+00:00,-67.0638233333333,145.002141666667,1,18,0.7,32.8,M,,,64,0.4567391259515642,1
2017-01-30T13:00:00+00:00,-67.0632766666667,144.996226666667,1,20,0.6,31.6,M,,,64,3.27223769937595,1
2017-01-30T14:00:00+00:00,-67.074175,145.251681666667,1,16,0.7,33.4,M,,,64,5.867045659582257,1
2017-01-30T15:00:00+00:00,-67.13074,145.465755,1,17,0.7,33.6,M,,,64,6.02725865037054,1
2017-01-30T16:00:00+00:00,-67.187015,145.688106666667,1,16,0.7,29.5,M,,,64,5.990529875103105,1
2017-01-30T17:00:00+00:00,-67.1999883333333,145.862226666667,1,14,0.8,32.3,M,,,64,0.7726911990398645,1
2017-01-30T18:00:00+00:00,-67.1922266666667,145.834378333333,1,13,0.8,30.8,M,,,64,0.6982237146264183,1
2017-01-30T19:00:00+00:00,-67.186225,145.802765,1,16,0.7,32.0,M,,,64,0.7858332800651346,1
2017-01-30T20:00:00+00:00,-67.185765,145.82925500000005,1,16,0.8,31.5,M,,,64,0.5526073028645928,1
2017-01-30T21:00:00+00:00,-67.206445,145.719051666667,1,16,0.7,31.5,M,,,64,0.3602427481426408,1
2017-01-30T22:00:00+00:00,-67.19614,145.717013333333,1,17,0.6,32.0,M,,,64,0.386353646379221,1
2017-01-30T23:00:00+00:00,-67.1849466666667,145.724495,1,15,0.7,31.1,M,,,64,0.7339017412371459,1
2017-01-31T00:00:00+00:00,-67.1743556658333,145.730480257667,5,9,0.128,-1.039,M,-47.4,M,63,0.7554580994928008,1
2017-01-31T01:00:00+00:00,-67.1890666666667,145.719418333333,1,17,0.7,28.3,M,,,64,5.043398415636298,1
2017-01-31T02:00:00+00:00,-67.1937016666667,145.627773333333,1,15,0.7,39.1,M,,,64,8.6420458508149,1
2017-01-31T03:00:00+00:00,-67.1004083333333,145.789311666667,1,14,0.8,31.4,M,,,64,1.8299260435777835,1
2017-01-31T04:00:00+00:00,-67.0160466666667,145.98658999999995,1,15,0.7,34.4,M,,,64,9.668827909241557,1
2017-01-31T05:00:00+00:00,-66.9889783333333,146.00551000000004,1,18,0.6,32.7,M,,,64,1.6656131616051597,1
2017-01-31T06:00:00+00:00,-66.9060616666667,146.107985,1,14,0.8,31.8,M,,,64,9.890960927941233,1
2017-01-31T07:00:00+00:00,-66.8664216666667,146.148743333333,1,18,0.6,32.4,M,,,64,0.3602427297129546,1
2017-01-31T08:00:00+00:00,-66.75242,146.200598333333,1,17,0.7,34.1,M,,,64,0.4589622854945993,1
2017-01-31T09:00:00+00:00,-66.7367716666667,146.210188333333,1,15,0.7,31.5,M,,,64,8.812796302987099,1
2017-01-31T10:00:00+00:00,-66.6295816666667,146.246323333333,1,18,0.6,32.9,M,,,64,0.3602427481426408,1
2017-01-31T11:00:00+00:00,-66.5707316666667,146.265556666667,1,15,0.8,30.9,M,,,64,7.988514520695124,1
2017-01-31T12:00:00+00:00,-66.44839499999999,146.30097,1,18,0.7,29.5,M,,,64,7.577412502873138,1
2017-01-31T13:00:00+00:00,-66.3283866666667,146.357706666667,1,21,0.6,30.0,M,,,64,7.587187312176923,1
2017-01-31T14:00:00+00:00,-66.205435,146.393241666667,1,13,0.9,34.3,M,,,64,7.566493657572418,1
2017-01-31T15:00:00+00:00,-66.0828933333333,146.432623333333,1,17,0.7,31.5,M,,,64,7.129944482230322,1
2017-01-31T16:00:00+00:00,-65.96215500000001,146.48118,1,16,0.7,28.6,M,,,64,6.99255824788897,1
2017-01-31T17:00:00+00:00,-65.9343916666667,146.37493999999995,1,13,0.8,32.8,M,,,64,5.0075976438656316,1
2017-01-31T18:00:00+00:00,-65.92654,146.40218000000004,1,14,0.8,28.8,M,,,64,2.9617890151263655,1
2017-01-31T19:00:00+00:00,-65.89795,146.398721666667,1,16,0.7,30.2,M,,,64,4.400015121789711,1
2017-01-31T20:00:00+00:00,-65.89551166666669,146.327168333333,1,17,0.8,33.0,M,,,64,0.8190913290172899,1
2017-01-31T21:00:00+00:00,-65.89219,146.345261666667,1,16,0.7,30.6,M,,,64,3.7213239107400176,1
2017-01-31T22:00:00+00:00,-65.89226,146.420483333333,1,17,0.7,27.5,M,,,64,4.6179678996804405,1
2017-01-31T23:00:00+00:00,-65.8910183333333,146.612855,1,15,0.7,32.8,M,,,64,5.8746330163190095,1
